{
  "users": {
    "6283126046403@s.whatsapp.net": {},
    "6283193211556@s.whatsapp.net": {},
    "6281364054686@s.whatsapp.net": {},
    "6283194962608@s.whatsapp.net": {},
    "62895322937737@s.whatsapp.net": {},
    "62881022636726@s.whatsapp.net": {},
    "6285263837699@s.whatsapp.net": {},
    "6285797933331@s.whatsapp.net": {},
    "60149362886@s.whatsapp.net": {},
    "6285733114806@s.whatsapp.net": {},
    "6289523393898@s.whatsapp.net": {},
    "6283119849618@s.whatsapp.net": {},
    "6283871714378@s.whatsapp.net": {},
    "6287725380287@s.whatsapp.net": {},
    "6289612979339@s.whatsapp.net": {},
    "60174640113@s.whatsapp.net": {},
    "6283128759902@s.whatsapp.net": {},
    "6285236165041@s.whatsapp.net": {},
    "6285371616870@s.whatsapp.net": {},
    "6283139053408@s.whatsapp.net": {},
    "6285117603422@s.whatsapp.net": {},
    "6283877148041@s.whatsapp.net": {},
    "6285811427759@s.whatsapp.net": {},
    "6281330273046@s.whatsapp.net": {},
    "6285811397964@s.whatsapp.net": {},
    "6282135386496@s.whatsapp.net": {},
    "6282148021378@s.whatsapp.net": {},
    "6285709074043@s.whatsapp.net": {},
    "6285378367620@s.whatsapp.net": {},
    "60143079005@s.whatsapp.net": {},
    "6285959920165@s.whatsapp.net": {},
    "601135088676@s.whatsapp.net": {},
    "6285881951230@s.whatsapp.net": {}
  },
  "groups": {
    "120363403346162569@g.us": {
      "antilink": false,
      "antilink2": true,
      "bljpm": false
    },
    "120363163888487537@g.us": {
      "antilink": false,
      "antilink2": false,
      "bljpm": false
    }
  },
  "settings": {
    "welcome": false,
    "developer": [],
    "reseller": []
  }
}