{"version":52,"hash":{"type":"Buffer","data":"IVaren7n5j9fTUqKGAz9ZhmNUh7ptKdvBMVE2O8lUSYAbc8npRFDJLBMSdZdHlfwnMnNpkwztUyd07T5RTVeQ4d8q7rpC13pBkVoEfM+kTHSEJqj2PkE9QcjESFS6KriuGFinrw/6x111DSpwE7DERXqVM3K9LAbP64mrGBJ6Kc="},"indexValueMap":{"JpwWvwSlyI4LU1UQI1Nu7YJbcrfpbNB67A6Ml0CJ+ZQ=":{"valueMac":{"type":"Buffer","data":"FEUwjwkqUtTehUZ2CW8rFaVwyYRJj8zytiDk6qRbK54="}},"RIMtGfvfThz1t60wKVMnargDtXzQZ7Fb2h0Lr1eQ1gQ=":{"valueMac":{"type":"Buffer","data":"jAXbHZFSdqAXNau9RY9n471ns0BYAYtfddhD+tWG+OM="}},"KdXYHP7xC5GZR0VT5hjoSw1ruBuMxHlM2LL+xqi+yMU=":{"valueMac":{"type":"Buffer","data":"qfQEFW8qUH5gVsCi+Ti/gtF30xjmg4t4f7ZrIWYvZ9E="}},"Bauh5zlA8P4wiDmerLXeYflNa4ArDQE90ccC4qxSJxs=":{"valueMac":{"type":"Buffer","data":"p4n8jX+SwKw9RxeRgFheyKl5eMaFPTX3uO5ROJB2avU="}},"uXZ0/4GBXI5F3ifvS1pv+cCKJ/OGexibJLaKCAq81cw=":{"valueMac":{"type":"Buffer","data":"npD5utcVkuO7Amqf1vvk9jjxQBHvaJiMsFigCehL0+U="}},"u3qw7yul/RGy5nUs5A1JhbLg6m8PgQ4enJLhdrkUDuQ=":{"valueMac":{"type":"Buffer","data":"okiXruLUk2J8ZuMNJAeKAWCUi8fSY09ymKu5XJLyqVU="}},"IGA0QqNxfBs/lhHrK9U6H9UzpIyM+0TqmTrCANusWJw=":{"valueMac":{"type":"Buffer","data":"GyOC5a6xeGJB85L2M2fhEHB1wS3OKzWN4ur6sDd2kHc="}},"hRCC43fsK3jNU3oW4LsNdYwvYM+JQSmN1ns9712N8NI=":{"valueMac":{"type":"Buffer","data":"bPLvaTrWXHL2zK97+kikj7Bss+Sut9UbDfAGfNHIWOk="}},"EsuqoMsVUA+MVGtW+Y/nzl/9F/9ILjgPMhzjISSCZ2k=":{"valueMac":{"type":"Buffer","data":"BCL1MMn/MURZRUqf5J1St2hzvFaoqa2fnDUPrS1I5xE="}},"YY34XtOYAnIzz8uMhPCc7ROHVTNVX41A+RsvFtoRk3o=":{"valueMac":{"type":"Buffer","data":"0ORDXCis/TP94ldkepkalmZoswrPyTpOPVqeX7YDc/Q="}},"C7iJ9Xq+bOID9HFry+c7S/XjO46l8bbYZ/Yek5xN+Gg=":{"valueMac":{"type":"Buffer","data":"e9PqUgp50EJwT7GWk/HsGqLfBiRLu3FPIpGmA6FmRFM="}},"JHhRv+FUn9PmmAfMcmdh90Jt0ga85NjfuqoOFOC120M=":{"valueMac":{"type":"Buffer","data":"C8hz4wK5dLqEEGj/+x/TceDjaVlJ7lf8ciCJklEq5Z8="}},"5GJXnwB8eFcNyYLYFyJnOvSiktSb3JX9R+yGGUR4/oA=":{"valueMac":{"type":"Buffer","data":"TxzryGROa5Q0pF4MyCy1W6qbqgszc1iYbQNJNE0OAy8="}},"ZM+mZRKkLO9bVNPUynw7yx3td2FXCRGg2epbqtJa0es=":{"valueMac":{"type":"Buffer","data":"CH6JRVBuvbJJuYT5T2BD/6laO7yAJHYQfJ4wZZ9hTe0="}},"Cmu5wntTPZ8jvp/d+CRVlhor/Rx6YPxxqeitRmeuoP4=":{"valueMac":{"type":"Buffer","data":"1a8m571Bc8b2ctRWseBWtQlh5+Xzq6rNfaAiALPp1Fo="}},"y2QK2mAztflNnp7IkwMiCKOoXT02U+7PxvdIGanS3tM=":{"valueMac":{"type":"Buffer","data":"m+8MNn9fuZnHqmN5NwKDQiXZDbaCne/yRiWhFtU8HuE="}},"rp08RjxUUAld1B4M9NLpf/GrbmnNz6Prxqk6Xxi8v6s=":{"valueMac":{"type":"Buffer","data":"MiS8DH+y8TJFxMDgGcgoYUX6JSW0b3ExwjQOoi1QBsQ="}},"AW+9igPovuzlpe19rUzL+Ux5AeLbglCS3C7dLOYbIDo=":{"valueMac":{"type":"Buffer","data":"16Y6XYoX5hjpcsiLEm/2Z6D4yK5lCQTvhbgCJCfcrVM="}},"XG8Y6/zA8uCa0hwBPF6AugrociC1eEfz4BW7pNJzP8c=":{"valueMac":{"type":"Buffer","data":"uLVD9zyVG59vwhppXQc1s6gJgLNwIpwa+shcDQugkIA="}},"X1yR0+VafIpPEXWsKHh9ZukEVV4PkxJ5NfoFnWoj1QU=":{"valueMac":{"type":"Buffer","data":"2wgsfzMafjnMt3UyRKRqSD3Vdo0bV/FZjCF1+Y9Z9zc="}},"QqF7+0Dn4VsykPBy2ZCA4hUC+xdX4ERj9SZcDd0mcB0=":{"valueMac":{"type":"Buffer","data":"GrlR8Dt8Ist1My8B316XW2On5ftkC9Vjz3rh/6Z9vjg="}},"HRXQSOPtUiuA6MPfP/nEVeDlAeF2/iQHRFP5bW/eOsQ=":{"valueMac":{"type":"Buffer","data":"juzyMxeAf6I506/uXoAfn3q8V84c91G9TKNsTLn4d+k="}},"ouGTsSLw1IyiEbcJmik+jZruKva1tfJOCvLjb+C99Gw=":{"valueMac":{"type":"Buffer","data":"WD+bdvWeDeei7K+9nMoM6WqINjmXthXn2XBOCp40yPs="}},"nmOAwB0yqFbB93ECOjh0LtBJu+GiWg8402oq9x6IRIM=":{"valueMac":{"type":"Buffer","data":"owIJ0+Vaw5nWyNbeLaqdXxOl0ZaXfo8eswdEucThEbk="}},"gVI0OZsaNfsISMH4Zi10ImSrutx4IdXHHAZwS1BSc0A=":{"valueMac":{"type":"Buffer","data":"+f+AJ1ItEQeuci5iNucEP+KkpKHGIcaoSGTvb7yLoKs="}}}}