{"version":37,"hash":{"type":"Buffer","data":"ZntHpI/DlnVknY9ljmv0hICe862n5Ok7OUXmXHAfUBscxeViHq74cybD8yF5ZFafOE0jAb7cGqdbZjh171g4iUTRVfcdN77hzt6iAnl33Cl+AIxF7jpChecfLOEazjCPJHXyjktjTMIEOrvgaYhLSkhba+vruVyT5UU3bbb3xog="},"indexValueMap":{"ADwDM39WNz34YVDO3umPQIha9GgFqs+I6eUl+7MrfJg=":{"valueMac":{"type":"Buffer","data":"1EdaGWMy78RMvbBuz0wOQbu22EYtWg37rOdvnOXb/XI="}},"AQ1kNpyDTAzb2PanLjuT13zmJl2s+61lQupOBGb0ib8=":{"valueMac":{"type":"Buffer","data":"2iHEI97jj40mlymZFRInT3fumuEHXiZVtr07o7USdDo="}},"ASYKnGP1FCNe3p3eHAipGAYwwUGz+iBrvgUoPVtaDYc=":{"valueMac":{"type":"Buffer","data":"hF2znOzB6te7puSJSLOLXmo51waeJQgvMAyCVc89Q8w="}},"A5zNInGxLHyxf8r92tNRDZS1JBqSteiVSGGLfZkRHXA=":{"valueMac":{"type":"Buffer","data":"yuPW0v+CmRMKDRoOqQo/nnycCFAmG7YtFBgEEOrT18E="}},"BABNjFwEv/eYMTbr/zAg7nE8DxLolg9QLgAKwJDhOng=":{"valueMac":{"type":"Buffer","data":"mTq6c+YbZHRYYwKPG16IXVy3dAI7N+vqhXPwbkuQNbI="}},"BTdS+stXzEDu974l0BlYADtQh4eKd7r54dWV+4BTS10=":{"valueMac":{"type":"Buffer","data":"VCbM0v1zKfWbLD9xwLDibzcnAh54/rQ8J656OYGDoD4="}},"B88Wlp2/rJHVPQ53q3rYmmEJhFMtaR3vtHeL6Ndl2vU=":{"valueMac":{"type":"Buffer","data":"pReVM5eVqDXMwEvEhgM3GMivUqzjlQl3Y+EGPrA/aWw="}},"B91Vgyoh2kRjHOgQIlweI11cfTtBrwBX2zvsDkb4lOY=":{"valueMac":{"type":"Buffer","data":"2j7P8THE+JVntGfyOl928kE0kWHz4iyjdpVqhlzmE1g="}},"CNzjCtVgvsfpJpEjKeWsex7vlWT2b+s97GMO6/tKOvI=":{"valueMac":{"type":"Buffer","data":"b15mPX32ranqLJ4g1Y5YY1rWMtmKyrLNbXTABAgXDhc="}},"C7CjtAhJ9lassy7mYWukybbitmV+2lQUvl05EBVGtr0=":{"valueMac":{"type":"Buffer","data":"L3UD+oD/1MrupOMniW5ceP16n0JQnw3w9XRK19Er7wk="}},"DrYMbm9Evq+Y17HSnZG53AdHqHoDs7GoOV3uoeBw1uI=":{"valueMac":{"type":"Buffer","data":"gbx0YaO0G4DJiYz6tVVxnxUg+hieRE0nJm3fyd3Pxlo="}},"EGRa7E0g/Wpk0twPD6ZJK8o4ggKd5TqPbEYYZmQUri8=":{"valueMac":{"type":"Buffer","data":"runOEs1lUBlwaHypd9/n+buL/uUq6wxO65jKpV/x+rE="}},"EisH9b+9lTX7n1B5bfZbutluVjv5fXlBoYqGHq9VjHc=":{"valueMac":{"type":"Buffer","data":"pkk2i7a4IpPhOTYNWreVzWiiWMKdijeyD11IM7EMcyA="}},"El0fuOxE/FDZ6/2NcpTc319l7nq+KNq9j/KH2oIUZeA=":{"valueMac":{"type":"Buffer","data":"tNAehlUhZWFMuL/VMy1SqRYkDMGB+5eAWunH+su2sSg="}},"E0hQymSkNcOEUzdb94Fy62yQCiYCpdoJTjhTDQ2qBp4=":{"valueMac":{"type":"Buffer","data":"khxPm4Ic1ZRXEkKGraRolSxtZIl1wGZIEzYLPrJ7zOQ="}},"FDXQszhqUsijH0eCCR//FS8VbV9dHn5sXMWBGEw4wY4=":{"valueMac":{"type":"Buffer","data":"ObEDYh++ApCJgyQICJT0yDCqfAIueo2KcHSc9vKIFn8="}},"FEOsfNyOwHKwOT7WQ3FvhE52vMFECN5104DeI+0Yv6A=":{"valueMac":{"type":"Buffer","data":"dsIMtSiq4X+wrqtbfpCRguau7oLLvo+Fg0LvRKgJc5k="}},"FyvI4pZziHxJ27bf+JxgErgERC3Pw/jfnuPhMFhTqzs=":{"valueMac":{"type":"Buffer","data":"S6gTHAVdFoZiVCfRkCkuYtVkSny+QSGKFKpNd+gtYeE="}},"Fz6rJ1qIi04YNNsVx6NRwSNJm77n6Lpzgt0rvq3Dvzo=":{"valueMac":{"type":"Buffer","data":"KYc2R0O5ASoHzTR44MJT39k1sEgdiwPOiiMuHV2z8zg="}},"F3HvgAAjFRkOx7fZKoHi0EDM1jznWicYcVGrf0cS988=":{"valueMac":{"type":"Buffer","data":"ZC2sxqZsLiBc8HDWCEez201cGuRqZv1xC6Z0V6WZICA="}},"GRJypNxH3ISCwZOY94UuufP1NRceuuKER4F2ufWbgvI=":{"valueMac":{"type":"Buffer","data":"VWidOq1zoCyI8gx/SmevkVEAtdxCapYexSJdvy2Q9+U="}},"GdgwXlNiJ3BddWnln51cR7SWMmWf9pqiYFcRsWXZq8w=":{"valueMac":{"type":"Buffer","data":"juXwstc+bWg5kHH/ahIjkAbvEIKbiUJsNW5IsyUxJaQ="}},"GxshluXqbXumrBZXnH6h0tVyn1ScYyfn97frNKT7s1M=":{"valueMac":{"type":"Buffer","data":"kpU38U4kq2EgrvXGXiROfnVMWNOR+uxHWkPER3DpA4E="}},"HPOVOMBpARsm+laMb/Q6fMKKgUA4fExk0o80wdVagFI=":{"valueMac":{"type":"Buffer","data":"sPnVG8R65L1/w1JtI4LRH5B6WmdKesVB+3lyOrNkWOo="}},"HXcnEA4aQIj0HwP/xiIe8FAQyOLuwUgHWUxHPW0f7Dg=":{"valueMac":{"type":"Buffer","data":"IVTogOKXKVAgWs12s0d1GYQYgMAJ1DTPmxU0k+i+xRk="}},"Htlqp2U8MOokE2QtMD4DXJM05o0McLm9P5/SjBeSXj4=":{"valueMac":{"type":"Buffer","data":"Gc3dOkilwCJ4RlZ/jSKDxrnDD0of4/M0mBwL/+yoO28="}},"H21K1GaChJ9t0wCiD1v2tE+LL02UOt7WTveZKe0Ae+w=":{"valueMac":{"type":"Buffer","data":"wH0D0oLdQ146nG0e7wicakaVZ+ptmN28DSllBtnLCNA="}},"H94ZFoDW0PHlCHkYfzCFTwXnqAHwjD9wa45g4o1QggM=":{"valueMac":{"type":"Buffer","data":"4Oo3fvXVtkHMfb2sJvODFGd23hFWIyi79WXkMDNmSK4="}},"I6U1+fnqbAueYJhMBqDxMC6BPoYu3doxtEUUX6xfOB8=":{"valueMac":{"type":"Buffer","data":"gmUIE4X4omVAxPTB/MYywMKCUkzyq+M0HbxDlTiwi2c="}},"JwS1vQ4kHU7ENTnJOjQ5Z5H37GCzgq1yjLSxFOmtzw4=":{"valueMac":{"type":"Buffer","data":"6W8EMZ2CKy56hac4VhiHWozlW4ZslQ9VFkPrfRLLtC0="}},"K34BaVFRftI73nukOrE9GKoGWwpKp3w/MIRhnfj7KDM=":{"valueMac":{"type":"Buffer","data":"MHSrEZj1I0AZFo9jbBopF4S+kFr5lA3kbn9wQK5aOXg="}},"MsYPvmNhKUogNFFM9sPm0cBedvMZpyTZF7jyNE89o4Y=":{"valueMac":{"type":"Buffer","data":"8DReGUgxp7QYAsrAJu0V7w2/cCEILGME+xEY+nuBqzY="}},"NnpR2DVLgogLcZgd7fSHvQBEoaHVzMJe7m0x75iuIuU=":{"valueMac":{"type":"Buffer","data":"0yfrBI1fpgLztjkJW0SW1luCtyW2BCcOwpxarU4kg1A="}},"OAGeXRzdjYgbOqNsiAV09YR87LHbnmmFyDH5DxfTduI=":{"valueMac":{"type":"Buffer","data":"f352zpcf6Nc5in29B/ngvnR+DfQKAgUflhLfomRTxZE="}},"OOZEjFCLnAnFJOejQRXRZ4KkH6/bUNUUO3ePVUVyNBE=":{"valueMac":{"type":"Buffer","data":"utru4dzq+G51RhWIEW/vSFu4W5S4GlkkHNZwYZ+Pfb4="}},"O/Hd2JefX7Axj31T8TGyoO0pd1VcvTVGGQ01X9/cj1I=":{"valueMac":{"type":"Buffer","data":"V/mk3XCmzdqzqOITPoD5cqNa593cuGL77SlEftvr+Rg="}},"PkKtRVtPgYb/wrTo6WOiwn/QhvjFyM7i/ZO+sBlcLwc=":{"valueMac":{"type":"Buffer","data":"Lku0irrJPtWtcVIUFunsmplqhNkUhyzZbtxp2saI4RI="}},"P7haNmZ1vR422hPK8ExBB678Pww1cKKHEle8OLpJEms=":{"valueMac":{"type":"Buffer","data":"Kh0HIoS98sxklhU4bg8HnkrCuVsGtd8segdeUk4LYVQ="}},"QZwD5XS9xZ+BPgHPdGm15RrDtsl0Xd9u4qilzxLTiyo=":{"valueMac":{"type":"Buffer","data":"TIlIsFCeZF8MVNb/1O5R9CZwmdnjZL4Cd/Q5ugOKHZY="}},"SVH8cK26Okkbg5zJcC6ctKZ2YXUUVfQU8vtS7HpRhkw=":{"valueMac":{"type":"Buffer","data":"kClDzSmlmuze92xNQ1pZmCBglEhwL+xyQxFJouIqezU="}},"S1FSqQ1MOV6t8asPf0c/atg7KPjPBXTijRQD/zFlf/0=":{"valueMac":{"type":"Buffer","data":"8ou02FGoKKrOBzSx+/X6xLuWVXosNvS8FpCiuq+aq6E="}},"Td4eLfHN5X1ailhCNEMcNSXJqxGBjBAnsqHVw0qTj68=":{"valueMac":{"type":"Buffer","data":"YPiLHhwkGk4fFhyeVPpNNT68CjyFJEHPkjv5g9xUkzk="}},"TthGwwb5z3ne3VKmpboEUFPTdAi7BQt2nVk9Fp3136c=":{"valueMac":{"type":"Buffer","data":"/MfjUiPrQVSYIxzwG6Jyt+EvMxlq2Jtor/8w+mS96pU="}},"TyZqxKHGglY2pr0/gX34x/SoMFX+Hk/fG+bq4gCtjKU=":{"valueMac":{"type":"Buffer","data":"/l/0YmsT73L2LiwkloNIDpeRVU+x4bw3xKME1gRWUSU="}},"UBBKMLis8n/TD13WAJxuxJVFzaCDZ36vNZtKgQ7QPAA=":{"valueMac":{"type":"Buffer","data":"tUCd0wpZf2nWolTSQ8aFxYy7NA/tMq4wfbCdTHqk9a4="}},"UMjPMsI6v4DfvtQziRkVGfhcBHJWHipGLZRLwjyN+lU=":{"valueMac":{"type":"Buffer","data":"fvWtCuz7ECX4/b+ctTgkN8g+6WKZN+RgdwZNbCq7CMU="}},"UiaBSLQwmUYcw1XVSr/AsUJP2lUJAi9nOQZ14y92twE=":{"valueMac":{"type":"Buffer","data":"tC8ToBwuUYsSUrKzPijjjdZRU2fX/61z8CXqR4wDy+I="}},"UtngND7JBn8KgodYHDuRFyfP/H7jq9JPdhmSeI2ga1M=":{"valueMac":{"type":"Buffer","data":"flB4v8QJ2KZRrnKB/io/ItewPuA7vpERgQc1prYDvjw="}},"VJwE3ZKVntUKKbUk3XNZAF4i6CV3Bj53TOtuAqFYemQ=":{"valueMac":{"type":"Buffer","data":"UWyazcfZVHagXi+29Tzojpda0m693C+cdA0MGSUdjOw="}},"VL3Ft+6IrTSb0p4qQIAQ4knaL+3t6gK2CyV7r1vliKQ=":{"valueMac":{"type":"Buffer","data":"AIoR9/ZKCMwk9oFapIPxs7KY6rp8NEvlWih5A6/pExE="}},"VmF7cLdgYr4N1MQFEjjGFYzeWOs3J20oj9D10AnPiS4=":{"valueMac":{"type":"Buffer","data":"x8cyk7ytftaMaR3zO/Hikv5xW5dBVY2pELf2wCDvH7c="}},"V7WLDsGspf49q2WXYmFO1f7WhOVqm3UVlCbPPxJUmWc=":{"valueMac":{"type":"Buffer","data":"gUAHeOe2gyT6vXzKVgIr4koYaPzy+zCi5LrSkw/d8f0="}},"Wn9nfE5W4JKbtXdxMVWelKQrxHfCnQvpbtiEnioT0T8=":{"valueMac":{"type":"Buffer","data":"NVIzmuCjq+iEI7llhvPZFAs/ylqctjEulJhJwfkhwlM="}},"W3iRflvGrvsVEnNaLE1vASEzg/WPgGkrrQHZo65TvVk=":{"valueMac":{"type":"Buffer","data":"0zNw4hWcWFiHD1cDVVuboZvnAKbC0bgKLLFNM+g8S5g="}},"XEBeUJ5nK0CzsG2WPSDE138jFVKnK//Y+VVyBTLDbBY=":{"valueMac":{"type":"Buffer","data":"39js+bgOu5iH2k05AbcULMVygySO/1k513iTV02BaP8="}},"XXr0r5lGjI+qZF1XWroh17mkTXJGsNVTVCGV3Pq9rjc=":{"valueMac":{"type":"Buffer","data":"itORAk09UdutzpBd9Ag6FI4xyEe2N5JaMXT0WZrakNo="}},"Xb0DsX/9KQibq3A6VzMwBxpbYw7uQTsBCt+AdRVcdHo=":{"valueMac":{"type":"Buffer","data":"i2Q8ffTXcuoUhj9szFZ45+1P+F7C3AxWuUj5GpEWvvY="}},"Xb/yrA10vsJbloXoy/bExTsNLxofh9KbQdgn/RXORfE=":{"valueMac":{"type":"Buffer","data":"nCJjbK4xajxhY4D9Al4f3hJT1k3zJS7JPFcIrQDlplw="}},"Xylqhyu6GYczw8y29+Dic5F45oNPPWwhx1EYWUZfqwk=":{"valueMac":{"type":"Buffer","data":"DO/8k2igQSeEAbcu4MUQ3zya6AeqyqYuFsr5G3d3t70="}},"YF+g/ek/jUy/xfo6IooTiucVoWqzscgbAdGFz2yt5eM=":{"valueMac":{"type":"Buffer","data":"DE47oDwa6HjwS0lllGVeiaNfpMK2lXtmd9spb03FVkA="}},"YNr5OKynv/N0sB1mt9WuIAzsfvnWrckeVlOXoBZ833E=":{"valueMac":{"type":"Buffer","data":"lND6qvo/gNefUBBBg5te7/2JHl8z74o4GeiikQ7/gD8="}},"Yb11Wrz9TRwEMQ6VddZZ/nhXCy1EX6UIp68dfyj8UlA=":{"valueMac":{"type":"Buffer","data":"ooAYug/9TzuzsEym4b6dtwyILdZeVNXJvoNdxdf5n0E="}},"Yfbqx+aW4WFHPMiFus/MfGK6ebOXK86n7YDi2jsRoIM=":{"valueMac":{"type":"Buffer","data":"ZFmeK8f0/adoGpBpPJ8FC4Un7SQR0ddrymYINPjtP/8="}},"YsQnGU+RyEPMgDDUt6KmpCB5PQK2aD15CqdrOlNFalo=":{"valueMac":{"type":"Buffer","data":"yqW/WXtbcvMqwtGvHBuCnzFgOCFDCuc4zIUd3wSiAfM="}},"ZBJGmWy72dSEhHiYcHMvZnkGYcOafZ7dIzfDA4ovk+4=":{"valueMac":{"type":"Buffer","data":"GToICSjyu55tfoQRvvdn4WBsZHKAeRHWOC3Zq5NgY+Y="}},"ZllRHDLeJz6ijmaLNjJLWc5brwpjFqz70s/GYwmqDYI=":{"valueMac":{"type":"Buffer","data":"DbhlraBrGBFH9l8FI/Z5ifawgMO4qY0dZRNaDzhnqbY="}},"Zos0Q00+9KbmQcFdjmROIkPlKrJ91hSqw3sUDuGhTWU=":{"valueMac":{"type":"Buffer","data":"z4UJLDhccHcO3Hsvyr2NSHJ3Yx2HhI6xl2s3F6+6Oi8="}},"bFWS8Y8gt/YLF+UiwQ4+8jP7KXgf51uxkJIvDgfvdok=":{"valueMac":{"type":"Buffer","data":"1/d7xsQQ2pda6VeLs7rSwSCkyYXNsFbb+Pss3uQDnaU="}},"cT+f3Xs+jbYVjHeghxt6d0Jb5v6HpgS6A/bZyQYgASQ=":{"valueMac":{"type":"Buffer","data":"5mD0+h0UE8muVlyF84BrQBAndB8Wka/u7ahyHSyWYJQ="}},"dLmJ5mxr+q5SaUOvJXALzFPHLm903N7hdKgt2fI4vDg=":{"valueMac":{"type":"Buffer","data":"jvyPXUI4IF5sIpi6uBqu5rF5djWfDBt5cneZC+pfG+0="}},"dkUHIdc3TKlCZpXk2msHiZryqVQsASepCNhG4rJ3Az4=":{"valueMac":{"type":"Buffer","data":"pQlLMGZWJu+NskmfgD7cjpDeUUQZIYeLrsj8SKv4Nt0="}},"d+rNz6qowUmlz7mlSWiMiA1wve6LcYIN6+tI2uC0Fjk=":{"valueMac":{"type":"Buffer","data":"YWuN2O2uVyZehBk3QvPneIFm43vqa1a3Sq/BgdV2m5Y="}},"eNvPd9P3Kpz6Wa5hFuTRQvudNPxUzj5Jdl4JytGU3Bo=":{"valueMac":{"type":"Buffer","data":"RR+ZtcaDkpL+xo+NEmRHKYBw1jABUlg74OIa6G4z++U="}},"fU8dYmJqKqqNK1jD94YrFgxjYdTvnVTuuh+kQPvqHZ8=":{"valueMac":{"type":"Buffer","data":"4e0aSkQxuNrIIMGAEU6z5qF9BTPYG0+/5UEcUQwKPoY="}},"grqTZGDBcrgM2DmfFBTB00+F5uzCWpY6/8KDVVlPvec=":{"valueMac":{"type":"Buffer","data":"TXGdH03XhE1uITZHCDYJcjew9+T8yut49ukD6nrVwwQ="}},"h12QqKEzKbSeM7NhFtRfjVSqPIeFAUm0bC4TP3zdDK4=":{"valueMac":{"type":"Buffer","data":"2JI/e9J9es28ir8HfnXkQL+Lf1TWNjCz69Uuc+EqXis="}},"iPEFiKyMSSZxlBZNnJDonXtR7gom5+1rjUl+WCjonMg=":{"valueMac":{"type":"Buffer","data":"QnACtQ3knh4I1kfyUZQD25H8lrgh1QzgZaForG2PCKI="}},"iPwDkqghINFjvnCLl4EQI2VNnt5+77p5MAIryRqVi0s=":{"valueMac":{"type":"Buffer","data":"bcOM0/lWKjYxmwObstNmu0BQqPG0wjrjOmxvxRioftc="}},"iSwjvl3V7LmA8+l/n9htDqZ/EbdVjhLqj+YLKZkfjVw=":{"valueMac":{"type":"Buffer","data":"MzVG41GaNTofUkHPYemg/RzG1vqjNbzGDn56M4dsNB0="}},"iVSWCFW5cVrhaLySmGMWFMh74RLf1SKsDYjWCqnV248=":{"valueMac":{"type":"Buffer","data":"+uQZUeRsUXlQJ/OAVDOuJse2fXE1RlVSyWbUTEvMoXs="}},"ii79dE5T2MJ9EAY+RcC0pnPF55dIGoc9HhtCnx3NhQQ=":{"valueMac":{"type":"Buffer","data":"TL3O6PQ7hrBE0wdWxZNbJpKnmYFnHJWVmFQTUXDf3MM="}},"i/utPku421vN4e2ZYoC3/5ls5nZtiq2Bo4f4jzOs3NM=":{"valueMac":{"type":"Buffer","data":"o5ZTZE+zenplpukPTG/vxtYJ22Zsbid6xOneXpyVuKY="}},"jLEK8l7Ng0BshA+2X06WMO0DKy3g07EGt/1CI80dWUY=":{"valueMac":{"type":"Buffer","data":"JcSG66D0UgLFbnaBaweEXEWABMjWwf03jgL1z7Of3+M="}},"lBErSLO4tcArXyunD9vwKI6ZmzsLo99FuXnfYgy77yM=":{"valueMac":{"type":"Buffer","data":"aBOFKnVBs5CKRfVhgC6xyZZ0ls2iOjr/ebuYYzGY3dk="}},"mGWUriY/4gPLboOjHBIyRCppLqjn9lvcGKqByFS3s30=":{"valueMac":{"type":"Buffer","data":"HgkiRoV2n7TwO1JyQSj5rI2P1XEmTgrtk7yJT/M2N+8="}},"mi+lvBId7tKMfH17isktMrEfCUlCKoa50mwnvypMrbg=":{"valueMac":{"type":"Buffer","data":"tvAiGGo7gwNKvafWhdFPmHYZosvte9lvj/cvyIDvkjQ="}},"mrmLpofyyU8HMNmbhhiq4pHZyRHIwmO+KMAASoVYj/c=":{"valueMac":{"type":"Buffer","data":"L91ZrcXo55UuH+wA+2eo4pxCj6UHMJKfA+B3DzfZMwY="}},"n2cMzKSRlopnYtqYQcbvQFtZxZbcxjzUw8jWAZWFIso=":{"valueMac":{"type":"Buffer","data":"St1OrhOCs8g+NSBML1QMumoRzsm1R6nvRDfgj4yZ5zQ="}},"oGgC+31L6PRdLl9G9quxI5f4VgHrHSClyjwwJt2MHM4=":{"valueMac":{"type":"Buffer","data":"U0ZgsD/uY/AvkJGMRgCZGSds+qzAFcL18faViKWfhAA="}},"ol+PNj5xAJzCAFMXteZQCPbLS818Kxtnkmz3uu/LjGk=":{"valueMac":{"type":"Buffer","data":"am52JPsHDZCC2Keg5qWvjuk5mYkXcOaj6fdJGhv4vAI="}},"pI5OiRVKanbZOI/PS5KO30QB4lsqO7wPC5d73mBT2fA=":{"valueMac":{"type":"Buffer","data":"ktc7HeMADDOkXhS+W92mbB8xKQbNB8KpKLln3pgkyFI="}},"pQx1xXBxlbIt9gBK3q2aMSgfOQas731G9Ox7j87Yt8A=":{"valueMac":{"type":"Buffer","data":"JI+Vi+hoB33fxziNUho9/GIMHvg/cLwnt16cKO6GMjM="}},"ppVYNs31hA9BZPOKBqGV11/07P35ubpls3fG0fxvbzs=":{"valueMac":{"type":"Buffer","data":"JDEwAzasCznh2YRJPMgMdNMEPXwcGgldVkoid8BuvUk="}},"pztlDNIRGTkCGesPjbzTD3JiPxzULQDnfeYIVUscZcY=":{"valueMac":{"type":"Buffer","data":"vtnyE2JATDz0PIp4SqMRDvTQJu0ZpRbq8XM/DflLdRY="}},"qol6Iby2txsZYawCTmjU3o6bPinjE6jWmMqX7YOZBK4=":{"valueMac":{"type":"Buffer","data":"Q0GuwfDFRoAqz45RDXqIAxnMhcZBjbL90vwd04iYNWE="}},"q6vCuJhESQ1R4H0JLvewLmk5mpW2rcPQ/GN+EWQd2hM=":{"valueMac":{"type":"Buffer","data":"FJFSKDCfMKD+/7OosZP5k91TAlFP+QK1v+bdNdUiqTk="}},"rUVMp5L+BBGdNMZP1cvGICL0TSwNUZDKuVDNK/+qfXQ=":{"valueMac":{"type":"Buffer","data":"uEXpcTsB3GD+E1Gc5KIi2rTQ9fymov29uUeC5JQfe0Y="}},"r2A5pKYxhHIPVLyBbVsD/FjMLuqnaO7HBtf/U5Hyfnw=":{"valueMac":{"type":"Buffer","data":"+caDoykcKiKEoZoFAXS73zwPeiNqCVzYMqtCjhVqbyA="}},"sHCZW/Q9+/V9LHmVTdMdeEw/lSg3poQ3QQQLL8UQF1E=":{"valueMac":{"type":"Buffer","data":"QEr1AxEy8UH3zlqwkrUqoTsaV09AD/EWVXTkObQNYX4="}},"sWcPslwJugKPpCWCKNxil3lGQHRRO2Gexea6Tx96gt0=":{"valueMac":{"type":"Buffer","data":"nvmjd8jZd0W2vOrQavZNwOtWPE+ToZkqXL6oLZyhCpw="}},"spRQwbBH8l+vKj/O+ecwGYVwiunNz7ki1488yQNm1Jg=":{"valueMac":{"type":"Buffer","data":"YN1aVH8mHylRvMBcLRVm9DtyApmYw6wXkLEl+3H4Wh0="}},"tswItnyBoXuq7wlLzpqMAvlrm2/No2wcaLBwzAYkODA=":{"valueMac":{"type":"Buffer","data":"qXBzq93bKXsh1ADYYZkzj2jfSTC8c1366VrAyna8Zu8="}},"t5sJiz4reAfFBSB79QeykSQ8odl2nFoy9F7OeJLciys=":{"valueMac":{"type":"Buffer","data":"b6OvCZuEPjqjGOQxBEBU+/cLwq+cga6auu+273JTRAw="}},"uPK/+WZCqcXvx/bx8v8vXX0mPjJfBq2aWov5KkPQtZI=":{"valueMac":{"type":"Buffer","data":"2wcQrxOCkwqiKX+RWgP5f047CLhQL1layMn1f92aK3k="}},"ujBp7FEsL6VrZFAYFl+o4tTSpqmBI+jDsV65ba+YFbI=":{"valueMac":{"type":"Buffer","data":"g4g+xJ0OveJclsLWCLbf9ZbRW9B0fea3KSkvZcMYcWs="}},"uxSvZjciOzwhhPrly0oQgQ+rTFShNIPhzcm23q1IFcc=":{"valueMac":{"type":"Buffer","data":"NxFQNBW+dmxPR/ZAWJshp1aBWqFjQw3FpSCQXFqe6zg="}},"vLb3fAaCPK38hnyZQoNNZP5FgAJSiN3YpbTH2yx8TQs=":{"valueMac":{"type":"Buffer","data":"wOa9kV/dAc14jhDlsXVfHwh0l4hqHfznh+JrLsTwpr0="}},"vpYN0Pi+ovDv031TF+inBLHICxPcM4GY1xXjc8h+J6M=":{"valueMac":{"type":"Buffer","data":"gFr/uVoy53kuskXdWl+2R4+SMr+Ko7hxQk+wvBmq/vM="}},"vtHx4o7ENYDdbdBC2MQsvB++iglb/q7uGINoRnTiA0A=":{"valueMac":{"type":"Buffer","data":"wLohtcBfHnm0Sw55xJZACaVzO/p+XAvpjIDPicDEBvU="}},"vzQeYm2dsXeqLdrS22zao8E3YwYkXZ/Z1EmGUAh1hds=":{"valueMac":{"type":"Buffer","data":"fDuGglqECh0G9yMzsRyorGdAl7g8b+3uP98qiUho+l8="}},"v/LZOxo2QegN1yzr5e9Vjf9RD58vUtpWM8sk04yK4WU=":{"valueMac":{"type":"Buffer","data":"OU5k08LQvKpia7Am23UZh9qhQ4wO2bPiMZRmk/h2Y5E="}},"wMp64H/lqYJ/KTvZ2k5aC+EEu3QipvJVgIhUkYT7WPw=":{"valueMac":{"type":"Buffer","data":"ghfb9mQWf17cOYUnxtsmcGOdY//HE/7LX4j5yeoicKU="}},"wct1k7nHtEPZ7Behd5reNcIVOMaXp5O0WeZPCQLnnU8=":{"valueMac":{"type":"Buffer","data":"MzYi3E67HpEP9yfCHwVCww9w0DVTcSmjr/jdSKI1M0Q="}},"ws875rFMkrIltE5bb7itpaaznyf4RWgSbRNdWw6xHUE=":{"valueMac":{"type":"Buffer","data":"wksUbK2eLNQc9l4v++pXba2C3YOcmbunAEBDq0AC5tc="}},"yTqhhY9nYqhplaqjSpMptA8ucWZvzL55WNX1Wd6Fck4=":{"valueMac":{"type":"Buffer","data":"/3cAD4jKu03qNd48IUxd9fymWpqR4mlkilSvHLKWzl8="}},"yvgb3OHb7/kZxDMn5vPeeAFa4Xe6QW8jca09MQQVWo0=":{"valueMac":{"type":"Buffer","data":"xrogRPQxGPcI9Fj026uhw2TPSA7J4XbooFMMq2Pkh3c="}},"zgTV4tXZJ/RnngvAfIiMXno2ZsGEKu92ov8HqYduQOA=":{"valueMac":{"type":"Buffer","data":"/uLxLDfZ1WzRRIWx0kR95nmSjIxjY9SCbKHl7h10wOs="}},"0AjezrrQmctPCKGkgEY9hatALhj3fQPkkJTbPSswB6M=":{"valueMac":{"type":"Buffer","data":"CtQ0pVulrW0YN6LxWBJCVbj0a1wyKnL35kTNZp4/ISc="}},"02vZWDESVYk6HqUmDM2AwfrCehs9fhGXtzrgbtQJldk=":{"valueMac":{"type":"Buffer","data":"kjsR4QW5lQZ0yNT0IkP81afpYKqjQVTl1UlSU/XsaWg="}},"05hWn2ScNfqQD6e/DpTdVISePtl+y+GpoSnNjfLDroU=":{"valueMac":{"type":"Buffer","data":"eRKnSwVOAsiqV2t+tZRZUGP0tSOuVh2ZFOOhR7IsUJo="}},"07E4pujtccyP9NyW6HTeZFFbVnjz9mmQ5ES2ycwt7vg=":{"valueMac":{"type":"Buffer","data":"hKV2/tIBUVvzJtvZZGQPnomG8r3K1CdUUPjq/Y7ORd4="}},"1wPoOwrhdnACwKCUHZW4Ec39kEAuV+Qq0HjEIueQLpY=":{"valueMac":{"type":"Buffer","data":"7Sq0ib4E7hsH0py1LR6k9TyXK47qJMSVW+1wskxaqxs="}},"2WGoCvIfGQHfuZdaBogoTBBPO4iNdVK+Lk4G/1W7uHY=":{"valueMac":{"type":"Buffer","data":"HB35UAAhTrfCPX3RMCzqkSYKI4q7KnziPYtCIr8MopM="}},"2lU6AwFkYVxmGLUwi5995+ROK3XD69HRe7MDM939Lnc=":{"valueMac":{"type":"Buffer","data":"3VwslME4mI/O4xMF7HZxjGq54xkW5twpWcXXjVJxhhU="}},"2zsN0gsOTNEMsFAcAd6X4GJxF03jnc5cfQhsR0GejIU=":{"valueMac":{"type":"Buffer","data":"g0z77ZACyCVnkQiI906XMH6T8AUNrez4tSCwyIDHrx0="}},"26hstIhTvjrN63HQH5e+Cs6u/wU2FSijUqNJKy0TduU=":{"valueMac":{"type":"Buffer","data":"U8G3CTfBkOgvUtLZO1akU3U8F6nWJVqRVgCIOH0Z80U="}},"3TtXScnPUTgUkrdFh7QEpFbf36PanZ9S3XAz7vezcO8=":{"valueMac":{"type":"Buffer","data":"DAKzVw/FIvupi9lFE8RmzPAMjN3cXx2K+2K+gf8BuAw="}},"3eqG9iWhUrVgbESqi9Tq0d5WqOpLQkN6w6RZ225IHok=":{"valueMac":{"type":"Buffer","data":"8WFYeSE87l4S1rpfESmYzedkFRFJkA8NbVwQqXCgHA8="}},"3s+fXAgmUBsPzE768EF8jNXNcEgDBjxZsGBoVD8xke0=":{"valueMac":{"type":"Buffer","data":"uajmBC7rPZQvm2vvIAbWmkb76v/PMC4HkW8s6Jt0qe8="}},"4sV0/2i162l5Kd1lbAY/yljh/y1qH/54irvwFKR4q7g=":{"valueMac":{"type":"Buffer","data":"dFimhj9jBXUzFhup79bpBXU9pjalkMY8ZiJI6WmWHTE="}},"420rb2iPDlsipHTCm0c1Gclv2O0fAk7Dhc37Lwc0+r4=":{"valueMac":{"type":"Buffer","data":"JktfxH0LvGgUu+2ardRDORuPSI1J3+N+Nws79i/TorQ="}},"5sP4tClyDZ2/LrrzE0Zgl6GF8q2zGBCh+Yuxwi3SPZw=":{"valueMac":{"type":"Buffer","data":"nATKWG1EY+uxDpA7zsC0vSOjJ/2MCeCqSBU2+zfMZcE="}},"6NgFWd/a2D+vNt743BMC1XOnwNJqRPUpcZtimHYoehI=":{"valueMac":{"type":"Buffer","data":"95mm4Kh3tXo7VncsLozpKkqyJzGUJGk1ZcCOUSfxkKo="}},"6W6DNs8e3fehygbq59XG7TzO/1p2BPgGsTXxQ6AwJOs=":{"valueMac":{"type":"Buffer","data":"XT7RJ0n1+zAvC9rbKK2GqBlYarvNK2wZAAi+kGvA0Ag="}},"7F3myabE0ud66+cUWnknNiFKwhl3OMU66G+Y+0UFJUE=":{"valueMac":{"type":"Buffer","data":"GB65g5+gt1wzXSGINKkT6FtZoJfMy/j3beGXXMn7mQo="}},"7bD9yTWJLidlCfovjGM1YjhFGHFqA91wC4c+Q1fbweg=":{"valueMac":{"type":"Buffer","data":"f0fYqzfnD4uYcw6IdWQ+AjfBRTmZwFalUyh0o9/oGZ0="}},"7ikM+5cz2xvAnoU+2FI/8FP14oHI0nlopOnP6AE0F1s=":{"valueMac":{"type":"Buffer","data":"CRxIuBkZyWW/iYR7wSBdZOkWEV8bY9J7Z4jWG8ku5wU="}},"7pYRTnOKL8fo5PtvhZNsBc8UmFZOplJxhV+PwP+y1WU=":{"valueMac":{"type":"Buffer","data":"JWtqisJG+eiQDhvYEAR0V8Nsm6KbGQmQZcCMNPnYKX0="}},"7rrprLzaMdWdV4nmO6hQdIoycgqwQ/n5BjYIZLNfwA8=":{"valueMac":{"type":"Buffer","data":"k4a9fDCv4llqD6ptDc8ltoaxiACm/uN3ZclSlz8eI3A="}},"7613IbiUm/2KhEPrlvGRTn9rT68RyqP6znzeQ2BG0J0=":{"valueMac":{"type":"Buffer","data":"/5JVHXgoDdCMThFC11x5Oi4AlgGrQPfpbcy/9F0jDFg="}},"8UtyzRxJfzDBHWcjsz2H0EnSox2opoKOBjFmX9NaWsM=":{"valueMac":{"type":"Buffer","data":"dN53aLSf89pBs2qg7UyhfwSzu+Ieo3NGZ3n0noB+VVg="}},"9FZcS+6uwlucNW8WZW+mYOFNMYaUpE8a9J3H5lzAsok=":{"valueMac":{"type":"Buffer","data":"zVtJ2LZZX5E5VpZm4H+M1SswXcljuRxTfWIdJyimCjE="}},"9U1gdZ3G+S0+bsDbOe9ERJWyyqziB++fcA7+JyCqNGo=":{"valueMac":{"type":"Buffer","data":"v6jK1pevjLXSTFfkyZnvtZi2NfNSzc6tCMUJNn/bVmU="}},"9qqW0l5AbkCdHqVGvjHhFuHO2QYUlkSrmS0y/+ULW0A=":{"valueMac":{"type":"Buffer","data":"KyC9BTymDIJjj+jdYUyQ6hh8gOULr3sw+gEhehb08DI="}},"9sImkwSOPqjw3lsPhQVumjcmCPvrTaYOT7KajUHf9mA=":{"valueMac":{"type":"Buffer","data":"gHnilEHXlpsn+DQs/jKzJs1wn2eXBfcl/dQL8mL0+mc="}},"+awiWhxOR7p9a7Cqjv7Hgn9YflQmkBLpULEtbIPFz28=":{"valueMac":{"type":"Buffer","data":"H6ng3RPSucM7DGj0XvoZtcJr/hx8bvjoTRzelshrQ6w="}},"+qCWmKsz1LAcbi654b5fox5os+g+UfJ/qyKBRhTdXX8=":{"valueMac":{"type":"Buffer","data":"gvaUgCQCH4oa20O9aDZfI1OmlXAOxyaPP6zSxYvLP1E="}},"+8+IP0afQbFklWWX1KAYKi+QANinxZ5jEf23WcZEBWI=":{"valueMac":{"type":"Buffer","data":"GBzOcA0PDmF3uSsq8+mRQjdGNt35CFUiDNZW905GCt0="}},"/X+0IgZl1aVUIaM4rz3GiFU3VVsTMvapNvFQlRQjOgg=":{"valueMac":{"type":"Buffer","data":"KaJvcGYwQWeuQt4QRcH11MXXuV9wsYgpD1e8QdxHo10="}},"/j0I1D5AKXJRrH9dcSsEUfOXowNcdXvc3SXdYr39RJM=":{"valueMac":{"type":"Buffer","data":"DDX1UWiCd9sLT6uTiGvX37WmH09yW9gZrkQC55PUmY4="}},"/kiwF0SaUc/q2/JJpUhPxJyIMVtxk4CM9YWH3VTPaXk=":{"valueMac":{"type":"Buffer","data":"f+UKjNhdUOrgIagWI6IeXlEDxR2YCVuEqlbE3U64Bw8="}},"//ERo0NLIx6BQYnzOMZ9Obuh/2BMZAYsHOHBttwAOoM=":{"valueMac":{"type":"Buffer","data":"7wMLitIljYF/7cYYNG7twYSTDROcrhw1YFh7UnJBo4Q="}},"3KaypTuL0j98Gx9obxGynk3Jio2xEwk937Jn2cFT+Sw=":{"valueMac":{"type":"Buffer","data":"MAH9lKNeliEI+5PXY6DHFevSt8lscnfA9BJgA2DmgUk="}},"JHsIIyBg1WulWTbqaY/k+zCJM3+LwUfF6pLUi5iSkRk=":{"valueMac":{"type":"Buffer","data":"yOo/QShww+EA87ET446ykqGakYZjmt5U1RAynkPKZpU="}},"9WIwtWwrgr/7x1zbFKWYIOXlFG2nrJD5NWpNDAVg/C4=":{"valueMac":{"type":"Buffer","data":"hiZJXWhci9kokeaBEOCWs9EPfKIuJQoZPmjFoLFbF/k="}},"cJ+iGqS44nj7w5maaNsctsw59Qdcgx14hdFNa0UaUD0=":{"valueMac":{"type":"Buffer","data":"kBdanMpdMi2P6jOlv7eHsHxIINXqFMJNhA7XbsAThDo="}},"73yj5PUvBDjv8dcirS3YJOCgSws5JJJjdTnVwSgLzG4=":{"valueMac":{"type":"Buffer","data":"1icO/A4NkUtD6D+VmOcJDngcu77MQFtPYASKA8eTK+8="}},"0axDs5j/L8adIM9TSwLLcrCv6fi86XSTdNpqe9EXKVE=":{"valueMac":{"type":"Buffer","data":"+R81wm8GoUhrZmpsr6Rf+Deskpn0/anhf6e95GGKgpg="}},"6dQH9WWJWUlqsC7pm61s4ZDcK4W/4ETBAgIKpf4Uhc8=":{"valueMac":{"type":"Buffer","data":"9gA/RUhNNnftEKZaz6yRDUQF+Uaqqfkpqs5uvjRQBFk="}},"rhWptRmXjISQwhxoyoHX+wjAONxRat9rcEe2iwPsi3o=":{"valueMac":{"type":"Buffer","data":"ZGbAes2+lLYkEzxrLGffPpvCshUWEuc0HP8pCH1k4j8="}},"yegIAw4cGmxsSQX8UWn9uxy9WnJ5th8l7t3apnJ6QPw=":{"valueMac":{"type":"Buffer","data":"p48UyHkTN8vbAJR0Z1S/JWz0uxpCJ4dWGGGtvc8A+kI="}},"Bb/u+uFJ6+llwa8/yNPMKI/iAmAmPkaqTjQ2PonL0fY=":{"valueMac":{"type":"Buffer","data":"5DyTAgiKxf+b3qSUtxatFllk2289UrjZ1jH0Zwb2BpU="}},"NADmctJkR6RE/U5mgUodDA8/IAtn8f4CwD3F4arRP8w=":{"valueMac":{"type":"Buffer","data":"l0+GLpNPc+DYv5HjZkVXa6pZYMvQ2AYJPvEzWvC7ttE="}},"2f2z4LEXlamBOjJNWvf3EAbWOnpsp/A0pGfmM0mLbas=":{"valueMac":{"type":"Buffer","data":"Zhqig+gZ6bvr2kJb6/UkT40BJYZ6qjeHwakfSivlgZo="}}}}