{"noiseKey":{"private":{"type":"Buffer","data":"eClqsuTAUltbzZ5P0sChQE6tR3tTl3r689oe+whk/Vs="},"public":{"type":"Buffer","data":"g5/uz8aAGQkyfK1swb9agb/idcz0+VVFzMKfJwuNZRM="}},"pairingEphemeralKeyPair":{"private":{"type":"Buffer","data":"QC9w5NMtEyI4BeqyhIre7EikzGH1kTRH4BL9IDDrjXM="},"public":{"type":"Buffer","data":"eI/lAt6ID96unL2X4csa91Cqt9OGYMKUR6OzL/HyRSA="}},"signedIdentityKey":{"private":{"type":"Buffer","data":"CNFdn5FdbJhVlCsufNmbjtwmr3O6WqNEYd+D3G6kVl8="},"public":{"type":"Buffer","data":"zY51CSeIhZAK6vB9k7usXiQPWAKZKnlQo3hDIM0VgiI="}},"signedPreKey":{"keyPair":{"private":{"type":"Buffer","data":"ODeOST6Q4wj2qcw674eHAHkweYhSaTKGYIEzGYict10="},"public":{"type":"Buffer","data":"CJm69343r1WdHkNc8Gy4cQhDskNKZo7Pcmr7sxh45BM="}},"signature":{"type":"Buffer","data":"Om7afqP4HofPLNqUhh0/0P0st5bsLicj4PW/r64RSptFZVNdV4oFXjf6wEmtYEwfv4rBopBGRR+QtMwKrVKtDA=="},"keyId":1},"registrationId":100,"advSecretKey":"pv6CUpBmFAmSTIsN40v8eicg5vwAVrPX+1InUH2RXHI=","processedHistoryMessages":[{"key":{"remoteJid":"6287870450855@s.whatsapp.net","fromMe":true,"id":"77D6A27FE49F81CFB0FAD79B43F05C28"},"messageTimestamp":1721532530},{"key":{"remoteJid":"6287870450855@s.whatsapp.net","fromMe":true,"id":"D508F5891407002C053CEC61683CC5E5"},"messageTimestamp":1721532531},{"key":{"remoteJid":"6287870450855@s.whatsapp.net","fromMe":true,"id":"B6F837075165A5AC825AF92565CEA332"},"messageTimestamp":1721532545},{"key":{"remoteJid":"6287870450855@s.whatsapp.net","fromMe":true,"id":"818EFA2FBEF93D517238B6FA0F118BB1"},"messageTimestamp":1721532556},{"key":{"remoteJid":"6287870450855@s.whatsapp.net","fromMe":true,"id":"9F3366CC257DC582CEA4C0B244BA2A3C"},"messageTimestamp":1721532570},{"key":{"remoteJid":"6287870450855@s.whatsapp.net","fromMe":true,"id":"04F6922D8BA6CDF957F796F2546022AD"},"messageTimestamp":1721532578},{"key":{"remoteJid":"6287870450855@s.whatsapp.net","fromMe":true,"id":"8BE1F8C637D3E82A0C07288BC45F9000"},"messageTimestamp":1721532589},{"key":{"remoteJid":"6287870450855@s.whatsapp.net","fromMe":true,"id":"E60A34DAFC50EE724A84FAD5A5F4091C"},"messageTimestamp":1721532609},{"key":{"remoteJid":"6287870450855@s.whatsapp.net","fromMe":true,"id":"CDEC45EF8F14251D8F3BD1EAF90E5F8B"},"messageTimestamp":1721532609},{"key":{"remoteJid":"6287870450855@s.whatsapp.net","fromMe":true,"id":"888E38FD1742B771121995B4D073652B"},"messageTimestamp":1721532613},{"key":{"remoteJid":"6287870450855@s.whatsapp.net","fromMe":true,"id":"84E5791ECB754A5DABD57964424835A3"},"messageTimestamp":1721532613}],"nextPreKeyId":33,"firstUnuploadedPreKeyId":33,"accountSyncCounter":1,"accountSettings":{"unarchiveChats":false},"deviceId":"lcwu0HtwTJ-N2hu9FMzOGA","phoneId":"1c3c3ef1-9a7f-40c2-9ad8-d9f55a6055a2","identityId":{"type":"Buffer","data":"tApQLq6TKGRGIlmGFbQoZkv67TQ="},"registered":true,"backupToken":{"type":"Buffer","data":"10cHgeOWQTYHdAVHtmQf58k1+68="},"registration":{},"pairingCode":"AM6628D4","me":{"id":"6287870450855:11@s.whatsapp.net","name":"ZYANN MD","lid":"14354267271179:11@lid"},"account":{"details":"CP3llcIDEOyA8rQGGAQgACgA","accountSignatureKey":"7eeLpxz0jh048mIon6qeL9AtVCKlEHXZjqoNa0u2hik=","accountSignature":"O64QrAhhHpo4Uc7Q9wAluk8o/6MmDUx9XE0mfAzn/gUDIL7FZkvtRtqAKp0EmdiOce1G9GrdiWC7+AQ31PK7Aw==","deviceSignature":"+xtd/r9gxsu9kY3MJTnxOg5Hm8ck4YHHITda6Nq5ii1zxR0CQQJx+Ov2T6440PuE5aw7xoCVWABF5MnsMQ/fBg=="},"signalIdentities":[{"identifier":{"name":"6287870450855:11@s.whatsapp.net","deviceId":0},"identifierKey":{"type":"Buffer","data":"Be3ni6cc9I4dOPJiKJ+qni/QLVQipRB12Y6qDWtLtoYp"}}],"platform":"smba","routingInfo":{"type":"Buffer","data":"CAwICA=="},"lastAccountSyncTimestamp":1721532766,"myAppStateKeyId":"AAAAAADK","lastPropHash":"2F9yxz"}