{"_sessions":{"Bfst5GSj8MW6KJcobrCFxyiygtZqj+iWAvHvT9mw6Phy":{"registrationId":937140757,"currentRatchet":{"ephemeralKeyPair":{"pubKey":"BQd2IUCL8oLchie4TyxoSnZNCiZG39Xp3oGO5+xskiQA","privKey":"EBUdMgePgCjM47WYPF5cjqomlYFTJQsZE4PLUpLrXkA="},"lastRemoteEphemeralKey":"BY/cLLJg/5MY3e+p/1tXsmxA0TBGBf8wwPPmB+GsdoFW","previousCounter":0,"rootKey":"skiSlQX+BIGYWOorKFMCfPtkw557frpiVMDMTARmxnw="},"indexInfo":{"baseKey":"Bfst5GSj8MW6KJcobrCFxyiygtZqj+iWAvHvT9mw6Phy","baseKeyType":1,"closed":1721532557975,"used":1721532557596,"created":1721532557596,"remoteIdentityKey":"BcL9ZxXn6WXZPUxT2Pf8IBNR1pNtGxKT069EAPw6VtQr"},"_chains":{"BQd2IUCL8oLchie4TyxoSnZNCiZG39Xp3oGO5+xskiQA":{"chainKey":{"counter":0,"key":"gyQkuxNDfq0YwGv2++NsEx2BXj6HJAZwDhOZZUVrLpI="},"chainType":1,"messageKeys":{}}},"pendingPreKey":{"signedKeyId":26,"baseKey":"Bfst5GSj8MW6KJcobrCFxyiygtZqj+iWAvHvT9mw6Phy","preKeyId":12017563}},"BSjoI+ApmXJzFraiYIEsleXSgRfM68Xz3MqqT02cxiwc":{"registrationId":937140757,"currentRatchet":{"ephemeralKeyPair":{"pubKey":"BXR6vp8iZtZclCUJoKU6+YJYNyKrJ0GRefn2h5tEjaVD","privKey":"gBQG1oVePk59A6gyDFSPRUQlOXNMOIX/i6oVXPbsQHU="},"lastRemoteEphemeralKey":"BY/cLLJg/5MY3e+p/1tXsmxA0TBGBf8wwPPmB+GsdoFW","previousCounter":0,"rootKey":"bQfbF5hbTFXiwaKAR79WlsHGpAlSucCTdg2WVh7uTcg="},"indexInfo":{"baseKey":"BSjoI+ApmXJzFraiYIEsleXSgRfM68Xz3MqqT02cxiwc","baseKeyType":1,"closed":-1,"used":1721532557948,"created":1721532557948,"remoteIdentityKey":"BcL9ZxXn6WXZPUxT2Pf8IBNR1pNtGxKT069EAPw6VtQr"},"_chains":{"BXR6vp8iZtZclCUJoKU6+YJYNyKrJ0GRefn2h5tEjaVD":{"chainKey":{"counter":5,"key":"Dy0JJQYEwyu/LtqXa5YhfILMmZvTp46Sx8+cSUOt7xw="},"chainType":1,"messageKeys":{}}},"pendingPreKey":{"signedKeyId":26,"baseKey":"BSjoI+ApmXJzFraiYIEsleXSgRfM68Xz3MqqT02cxiwc","preKeyId":12018025}}},"version":"v1"}