{"_sessions":{"Bejz+D27EYFuXJPKiTWx9oZTPKD5M1NR1ThX7hZK9yFj":{"registrationId":1000623376,"currentRatchet":{"ephemeralKeyPair":{"pubKey":"BRsc+Ox7VIH8kivGD4TAhSdcA9klYMNiacBlV5sac3dq","privKey":"IN2lxnQJgF/bdjqN01a4dD+N8pVz+QdpINxpPzRm9EI="},"lastRemoteEphemeralKey":"BWSooSV0ZT1buzSmwPC7deowdk8jlV5a9SKuyzFiDywk","previousCounter":0,"rootKey":"pD+d2lV7uIv9GMSNPjKgdrB77INoJ/jo06G1V5DDHbI="},"indexInfo":{"baseKey":"Bejz+D27EYFuXJPKiTWx9oZTPKD5M1NR1ThX7hZK9yFj","baseKeyType":1,"closed":1721532557974,"used":1721532557577,"created":1721532557577,"remoteIdentityKey":"BUPEwlIISrP1W0BqYeU/LfaifVOgJyX4d6fjysfbKU4p"},"_chains":{"BRsc+Ox7VIH8kivGD4TAhSdcA9klYMNiacBlV5sac3dq":{"chainKey":{"counter":0,"key":"M82VN4Pw1gCeVmEIfnoCyPwXmCjuI49U102jyO44na8="},"chainType":1,"messageKeys":{}}},"pendingPreKey":{"signedKeyId":8,"baseKey":"Bejz+D27EYFuXJPKiTWx9oZTPKD5M1NR1ThX7hZK9yFj","preKeyId":12076184}},"BbfQnQTNwkfMF2aCovR2GdLDoaeZXXjMkl4E1pBW7eEO":{"registrationId":1000623376,"currentRatchet":{"ephemeralKeyPair":{"pubKey":"Bf681nwVfGXs6vMal54nUh9eZlaKjGdSG7HEi8eMLUUp","privKey":"aNuRTE1xcm/FXYiT1/nnPbLMKc2T6Xp5oBFcrk3VmWI="},"lastRemoteEphemeralKey":"BWSooSV0ZT1buzSmwPC7deowdk8jlV5a9SKuyzFiDywk","previousCounter":0,"rootKey":"Kq62AJOeF4DUtOw35iNl75BYlGeFq185N06FJgAVvPg="},"indexInfo":{"baseKey":"BbfQnQTNwkfMF2aCovR2GdLDoaeZXXjMkl4E1pBW7eEO","baseKeyType":1,"closed":-1,"used":1721532557927,"created":1721532557927,"remoteIdentityKey":"BUPEwlIISrP1W0BqYeU/LfaifVOgJyX4d6fjysfbKU4p"},"_chains":{"Bf681nwVfGXs6vMal54nUh9eZlaKjGdSG7HEi8eMLUUp":{"chainKey":{"counter":5,"key":"Q+r/VdEuJAQRaMCqe6DrAPPsFOZI8bugxlzjAYNQQ5k="},"chainType":1,"messageKeys":{}}},"pendingPreKey":{"signedKeyId":8,"baseKey":"BbfQnQTNwkfMF2aCovR2GdLDoaeZXXjMkl4E1pBW7eEO","preKeyId":12076065}}},"version":"v1"}