{"_sessions":{"Be65RxT7Yyk/JTP5uHHpf1k6/Mm9cgzXFIQNfC1rCBAt":{"registrationId":37,"currentRatchet":{"ephemeralKeyPair":{"pubKey":"Bdi8fbBkyvlyVsGSpL55mi/ICcxevr2yypNJ3+IkcUwT","privKey":"KGYcJQPTchQUV9q08ZcKOnbxHaExJWrSfb7UJIUdcXk="},"lastRemoteEphemeralKey":"BQLcogpQV/A6PKSzsnJ9ucc2W8vwyOQxC1AT42LWH1hA","previousCounter":0,"rootKey":"UqBU3IjTkvZifgohhnTf436mzy/GuiN17CqQ6BECOqU="},"indexInfo":{"baseKey":"Be65RxT7Yyk/JTP5uHHpf1k6/Mm9cgzXFIQNfC1rCBAt","baseKeyType":1,"closed":-1,"used":1721532530738,"created":1721532530738,"remoteIdentityKey":"BVbOub/aBQm368Jkv2yzzLY/+5YdqX530nDJuG84Dktq"},"_chains":{"Bdi8fbBkyvlyVsGSpL55mi/ICcxevr2yypNJ3+IkcUwT":{"chainKey":{"counter":44,"key":"hOuiHpkIdwPWFqAWTLMvi8jAoMZ5otTZMU20xmEltTA="},"chainType":1,"messageKeys":{}}},"pendingPreKey":{"signedKeyId":1,"baseKey":"Be65RxT7Yyk/JTP5uHHpf1k6/Mm9cgzXFIQNfC1rCBAt","preKeyId":4}}},"version":"v1"}