{"_sessions":{"BZ1OgpyZzXISLxglkk98tyw/RMaWZOdBHXLn8FtI4FNS":{"registrationId":205816328,"currentRatchet":{"ephemeralKeyPair":{"pubKey":"BbYITTvlcgnYLnluQpkpzOGLVxBbH4WZwnTa00GHmVRS","privKey":"KEtETiNvWs8z3nfdReSwN9t4iFgVqiK+OaVob3sfvXQ="},"lastRemoteEphemeralKey":"BS1xN2iYQXbnnbn9zoVVH4YEtGutYggrW/dmuxqqXPYV","previousCounter":0,"rootKey":"sAk1Y/39ENRWDGNUxE0rWG+hZm48ZdJWkU8jSjNwilk="},"indexInfo":{"baseKey":"BZ1OgpyZzXISLxglkk98tyw/RMaWZOdBHXLn8FtI4FNS","baseKeyType":2,"closed":-1,"used":1721532598622,"created":1721532598622,"remoteIdentityKey":"BWpz4jN9C59Ylh1K3uM3khjinhPmJDPN5lFhxtkoEpB+"},"_chains":{"BS1xN2iYQXbnnbn9zoVVH4YEtGutYggrW/dmuxqqXPYV":{"chainKey":{"counter":0,"key":"Rxgm0/kW/UQsyhRgDywzLsq4mid3KbyTD6YRU9hxhF8="},"chainType":2,"messageKeys":{}},"BbYITTvlcgnYLnluQpkpzOGLVxBbH4WZwnTa00GHmVRS":{"chainKey":{"counter":-1,"key":"YgoRENerrfYAqH3BRL/zSuGl45b0s2ZGPsxTJY092bQ="},"chainType":1,"messageKeys":{}}}}},"version":"v1"}