{"_sessions":{"BRJeeN16d700dYmT7T7odF83H/hzNgNkkBjvMwFPh8Uk":{"registrationId":2012931781,"currentRatchet":{"ephemeralKeyPair":{"pubKey":"BUB997+Gx89t0x9fPGuNwBkZIndFdJouD/wfWFrIkoFE","privKey":"YLxxKSsXD7WZ7N+yjU2RV5nuEObdWUVXoV/A/is3z0s="},"lastRemoteEphemeralKey":"BSSgkNH1moO2CqXiOpYHW2/J4ZnGLpcdtZwn3jHgogUh","previousCounter":0,"rootKey":"vY/eKRl97xjYAgFXNsVUGD2eByff6tE0hysOe67wEsg="},"indexInfo":{"baseKey":"BRJeeN16d700dYmT7T7odF83H/hzNgNkkBjvMwFPh8Uk","baseKeyType":1,"closed":1721532557975,"used":1721532557582,"created":1721532557582,"remoteIdentityKey":"BSCvn15WWYLV20NdgSAH7CTYPru1lK3EtIOLxeY92ZNE"},"_chains":{"BUB997+Gx89t0x9fPGuNwBkZIndFdJouD/wfWFrIkoFE":{"chainKey":{"counter":0,"key":"C6Vvyyo3HHESo7LZ3mMaQZj65fZd/MVeKHJEj7mv/vw="},"chainType":1,"messageKeys":{}}},"pendingPreKey":{"signedKeyId":4,"baseKey":"BRJeeN16d700dYmT7T7odF83H/hzNgNkkBjvMwFPh8Uk","preKeyId":10010005}},"BSuTTId8tee+/sYnk5mPP9p/kvmNOlrN9VyHk7h21XE3":{"registrationId":2012931781,"currentRatchet":{"ephemeralKeyPair":{"pubKey":"BZtwjcxDS/vHNDrptj8JPMnKCfLVhvVfAGYczNGrmLku","privKey":"IBCU+91CVGBLxBtYkEMm6YhMzaumj03OTXgFdph2L0Y="},"lastRemoteEphemeralKey":"BSSgkNH1moO2CqXiOpYHW2/J4ZnGLpcdtZwn3jHgogUh","previousCounter":0,"rootKey":"SGytHiDf+0GMnThs2adfRwSVlObD1UeesVN2zyx1FY4="},"indexInfo":{"baseKey":"BSuTTId8tee+/sYnk5mPP9p/kvmNOlrN9VyHk7h21XE3","baseKeyType":1,"closed":-1,"used":1721532557933,"created":1721532557933,"remoteIdentityKey":"BSCvn15WWYLV20NdgSAH7CTYPru1lK3EtIOLxeY92ZNE"},"_chains":{"BZtwjcxDS/vHNDrptj8JPMnKCfLVhvVfAGYczNGrmLku":{"chainKey":{"counter":5,"key":"jKX7+5+XDR32KHK+3MbhCiCQFO3DrSEG/TnGAUYLM3Y="},"chainType":1,"messageKeys":{}}},"pendingPreKey":{"signedKeyId":4,"baseKey":"BSuTTId8tee+/sYnk5mPP9p/kvmNOlrN9VyHk7h21XE3","preKeyId":10009913}}},"version":"v1"}