{"_sessions":{"BbiunoAoXvMcSbUfTh6a8yLX1b5ogkX0K72gTQzUvuAL":{"registrationId":877678073,"currentRatchet":{"ephemeralKeyPair":{"pubKey":"Bdt9zSrGIb23+uESMrhZjxilmakIWB1Khdqt8LDVjuBm","privKey":"cNluMPzEI5nEH4x3K0LRPwd2VjSysRkjZalGL5cAMlA="},"lastRemoteEphemeralKey":"BSc5VQUC7tb9xY+qWDUP9ZA1DGR8Hpdzzg8HL759Ouxq","previousCounter":0,"rootKey":"RKQLRQcL9Ntcya6Fk7CffnH/EpjMsRrcqgXnuD0Sl+8="},"indexInfo":{"baseKey":"BbiunoAoXvMcSbUfTh6a8yLX1b5ogkX0K72gTQzUvuAL","baseKeyType":1,"closed":1721532557973,"used":1721532557554,"created":1721532557554,"remoteIdentityKey":"BcbhR7K06TbJh0yv15L55OV84y1KMLHYphXbXdx/yH9H"},"_chains":{"Bdt9zSrGIb23+uESMrhZjxilmakIWB1Khdqt8LDVjuBm":{"chainKey":{"counter":0,"key":"PQytYDjvse1644+ifstgqfgpuqrYapcA1sKVr5VCEcU="},"chainType":1,"messageKeys":{}}},"pendingPreKey":{"signedKeyId":9,"baseKey":"BbiunoAoXvMcSbUfTh6a8yLX1b5ogkX0K72gTQzUvuAL","preKeyId":16521637}},"BS539qUwvxNPvhesU+3zT4Eg34SN0oHTrzwp31fMWM0+":{"registrationId":877678073,"currentRatchet":{"ephemeralKeyPair":{"pubKey":"Bdaz5OMK8qNMsA+4WBFhpjuU8FzoJxIgUiswGQX881pw","privKey":"kIMnOTHz59gTbUFmyWYWvEma+dsL4nNZpN6Wt38twkM="},"lastRemoteEphemeralKey":"BXlchRttVfnlxE5OgMeiW/ZAGA4xP0CJo4m1HVXJXQIQ","previousCounter":4,"rootKey":"Mgg9yDFCUTM5kbseH8ntmnGCG9dsA9vGwaUS459QNkk="},"indexInfo":{"baseKey":"BS539qUwvxNPvhesU+3zT4Eg34SN0oHTrzwp31fMWM0+","baseKeyType":1,"closed":-1,"used":1721533348309,"created":1721532557901,"remoteIdentityKey":"BcbhR7K06TbJh0yv15L55OV84y1KMLHYphXbXdx/yH9H"},"_chains":{"BXlchRttVfnlxE5OgMeiW/ZAGA4xP0CJo4m1HVXJXQIQ":{"chainKey":{"counter":0,"key":"sFnMwVPyBDTCI6Or9o/BQHEZkRntlbdcKGVLpgoXQ9U="},"chainType":2,"messageKeys":{}},"Bdaz5OMK8qNMsA+4WBFhpjuU8FzoJxIgUiswGQX881pw":{"chainKey":{"counter":0,"key":"5nI2O+FZY7RjgG/tnbexEGY61XVov5B0qwisAVNTtQk="},"chainType":1,"messageKeys":{}}}}},"version":"v1"}