{"_sessions":{"Ba6m2ouvgNv1tNoVHggPH+KhJizrviF8d+1Np29LDcAF":{"registrationId":1007,"currentRatchet":{"ephemeralKeyPair":{"pubKey":"BTIIbPuMLnJ9CqF1P9MJUKYEFsvQA+16Bbj4X97ZyI1i","privKey":"6EYg/wsbRWvftfAvHkJcsojZF82Y67cBl8Zwiz5QmG0="},"lastRemoteEphemeralKey":"BRNRPw2rYQonDRWIoQQfShF9QLogzTZndQW0oz3M1CQG","previousCounter":0,"rootKey":"u7hlHNvNL1Om41WClr+/Hp8L9ak8IbCNxDwzguWaHbM="},"indexInfo":{"baseKey":"Ba6m2ouvgNv1tNoVHggPH+KhJizrviF8d+1Np29LDcAF","baseKeyType":1,"closed":1721532557971,"used":1721532557523,"created":1721532557523,"remoteIdentityKey":"BQ4jCzoIMFQcqiV+Uss0XXUYdDs3JsHOLzu7kmKoQNYh"},"_chains":{"BTIIbPuMLnJ9CqF1P9MJUKYEFsvQA+16Bbj4X97ZyI1i":{"chainKey":{"counter":0,"key":"p7M1OtKtpfkyHlnIruaUVmML4YntioKoOe6nlKserC0="},"chainType":1,"messageKeys":{}}},"pendingPreKey":{"signedKeyId":1,"baseKey":"Ba6m2ouvgNv1tNoVHggPH+KhJizrviF8d+1Np29LDcAF"}},"BTPcIWJsLWML2en+HkkZcsPgbquWmymvj4Qvz4cT3pYU":{"registrationId":1007,"currentRatchet":{"ephemeralKeyPair":{"pubKey":"BddObfU/GIdiRkC1fmg0gwTeR2nkq1p81H+OY5j+awAV","privKey":"8Bg4iuwLyrhf2tX5PFGB9e3+auF8At2zz9CTx9v73Eo="},"lastRemoteEphemeralKey":"BRNRPw2rYQonDRWIoQQfShF9QLogzTZndQW0oz3M1CQG","previousCounter":0,"rootKey":"twSXST7xdG6jIzQpPVoLbC50h8B0FrgPwKqXYo3Mg8o="},"indexInfo":{"baseKey":"BTPcIWJsLWML2en+HkkZcsPgbquWmymvj4Qvz4cT3pYU","baseKeyType":1,"closed":-1,"used":1721532557870,"created":1721532557870,"remoteIdentityKey":"BQ4jCzoIMFQcqiV+Uss0XXUYdDs3JsHOLzu7kmKoQNYh"},"_chains":{"BddObfU/GIdiRkC1fmg0gwTeR2nkq1p81H+OY5j+awAV":{"chainKey":{"counter":5,"key":"TCC8rJ42CtyMnqofE/xLce1LaB7s7iE4U7NRYTXNTcQ="},"chainType":1,"messageKeys":{}}},"pendingPreKey":{"signedKeyId":1,"baseKey":"BTPcIWJsLWML2en+HkkZcsPgbquWmymvj4Qvz4cT3pYU"}}},"version":"v1"}