{"_sessions":{"BTTqOKoBTyzld0DruiaC7oYO58pIrGZtdmVZsDvAMLNA":{"registrationId":1641407797,"currentRatchet":{"ephemeralKeyPair":{"pubKey":"BfifzVeiZyCoFj1DDPBlQ1tlaaa8OM6rySzZNl3S89AP","privKey":"cAzRlX3oF657EXl2xOn1FLRDn1onfIR/s4oQcpCzelM="},"lastRemoteEphemeralKey":"Bf2yLG/8CHzPmq4nHKW0bh/NUKGFxaMyUJZb42Dmb9h9","previousCounter":0,"rootKey":"WipK6hBE4X3V8OaK/CIku3haxj35LpF22jJB45dyh4o="},"indexInfo":{"baseKey":"BTTqOKoBTyzld0DruiaC7oYO58pIrGZtdmVZsDvAMLNA","baseKeyType":1,"closed":1721532557975,"used":1721532557591,"created":1721532557591,"remoteIdentityKey":"BdMtMfjHbaNCUPaWZ1tT+jBvCZkFJ+EjR07/tKlQrj5a"},"_chains":{"BfifzVeiZyCoFj1DDPBlQ1tlaaa8OM6rySzZNl3S89AP":{"chainKey":{"counter":0,"key":"GrIvTwaQYfdNUpUF7cVagT9o2S1pK84NQUbbh3XFWBs="},"chainType":1,"messageKeys":{}}},"pendingPreKey":{"signedKeyId":1,"baseKey":"BTTqOKoBTyzld0DruiaC7oYO58pIrGZtdmVZsDvAMLNA","preKeyId":1767125}},"BTt5n6a45xklLVk4wgAkAH/JTxqJcTEKXYxIIK3s/7RH":{"registrationId":1641407797,"currentRatchet":{"ephemeralKeyPair":{"pubKey":"BfCFcS4dSTEderBDTb8jGrGklgXuGU4C4/6+IRIKSRNr","privKey":"QGbIYykG0ouiZ0AppCK6tvclwA6So7tAGuxeiOqiaGU="},"lastRemoteEphemeralKey":"Bf2yLG/8CHzPmq4nHKW0bh/NUKGFxaMyUJZb42Dmb9h9","previousCounter":0,"rootKey":"d4lnH9JbnjaOBUMm+bMxHAGGDvnzRc02d8nxaB1YpOA="},"indexInfo":{"baseKey":"BTt5n6a45xklLVk4wgAkAH/JTxqJcTEKXYxIIK3s/7RH","baseKeyType":1,"closed":-1,"used":1721532557943,"created":1721532557943,"remoteIdentityKey":"BdMtMfjHbaNCUPaWZ1tT+jBvCZkFJ+EjR07/tKlQrj5a"},"_chains":{"BfCFcS4dSTEderBDTb8jGrGklgXuGU4C4/6+IRIKSRNr":{"chainKey":{"counter":5,"key":"cllKnQIKCj1Yi1hnGeSmACvgRGCdUioKYa+azmvkDmo="},"chainType":1,"messageKeys":{}}},"pendingPreKey":{"signedKeyId":1,"baseKey":"BTt5n6a45xklLVk4wgAkAH/JTxqJcTEKXYxIIK3s/7RH","preKeyId":1767216}}},"version":"v1"}