{"_sessions":{"BYdOaQkE58VdtCLNxbv5ZWCQcON+2kJuVvr3Dcj66jkL":{"registrationId":151176025,"currentRatchet":{"ephemeralKeyPair":{"pubKey":"BeJHw+oM49Pq7V64w4DE4rkTGVVc9PrNtTakgp8ZVdM9","privKey":"AB0oL4TBuEwFtxu8FSa3T9hOVNstzhU8q5F3i/u08n4="},"lastRemoteEphemeralKey":"BS2NBLSUG/USlp5VI6Rjo6acML1AlGW4znwUVJhi5EIq","previousCounter":0,"rootKey":"nxhdhmbqQumFOPif51oUUD9IMQ0w6jPpptWc6esOjDI="},"indexInfo":{"baseKey":"BYdOaQkE58VdtCLNxbv5ZWCQcON+2kJuVvr3Dcj66jkL","baseKeyType":1,"closed":1721532557971,"used":1721532557532,"created":1721532557532,"remoteIdentityKey":"BS7OgbUbRurIipOCNSgjs+ai2JP3dmyvgWH+dsddk51w"},"_chains":{"BeJHw+oM49Pq7V64w4DE4rkTGVVc9PrNtTakgp8ZVdM9":{"chainKey":{"counter":0,"key":"XLxut7To8y9nSvzcOxfIW0r+gPNfEdbRsvYVoeDZpoo="},"chainType":1,"messageKeys":{}}},"pendingPreKey":{"signedKeyId":38,"baseKey":"BYdOaQkE58VdtCLNxbv5ZWCQcON+2kJuVvr3Dcj66jkL","preKeyId":13154159}},"BUWUszB3CGJYozELbAtq/BCTsPDP9fjk90TSpcuMa4pi":{"registrationId":151176025,"currentRatchet":{"ephemeralKeyPair":{"pubKey":"BU1hgnhYOrD1fIvTfSxbEt+YUZ0lujPw8yIn57dDoKsR","privKey":"sJlSugsiyeuJUiMzUL8Ngr9tPF8RWKjd3oGVuBon1Ew="},"lastRemoteEphemeralKey":"BS2NBLSUG/USlp5VI6Rjo6acML1AlGW4znwUVJhi5EIq","previousCounter":0,"rootKey":"mOLRfpak5mIQM/eYQ3w4GpqPaUOfQtVf0a/Wwwu/sNs="},"indexInfo":{"baseKey":"BUWUszB3CGJYozELbAtq/BCTsPDP9fjk90TSpcuMa4pi","baseKeyType":1,"closed":-1,"used":1721532557879,"created":1721532557879,"remoteIdentityKey":"BS7OgbUbRurIipOCNSgjs+ai2JP3dmyvgWH+dsddk51w"},"_chains":{"BU1hgnhYOrD1fIvTfSxbEt+YUZ0lujPw8yIn57dDoKsR":{"chainKey":{"counter":5,"key":"YxPPHAx66DWPAPDWbJhDtFMGLW8E2uUOE16jLWNEx+g="},"chainType":1,"messageKeys":{}}},"pendingPreKey":{"signedKeyId":38,"baseKey":"BUWUszB3CGJYozELbAtq/BCTsPDP9fjk90TSpcuMa4pi","preKeyId":13154251}}},"version":"v1"}