{"_sessions":{"BQvEuTiaPYzpsqyGp0E/4BFU7O/G8ZZW9xkS9n+yb6h1":{"registrationId":443269889,"currentRatchet":{"ephemeralKeyPair":{"pubKey":"BXPu+VkvNGlYgdm9JWJdeSLK5NjV9JraPeQwbEMpkp8l","privKey":"MKLh21DQRXakl4ufvur+zHI0g8mfFtRtaGlYsDXsnHg="},"lastRemoteEphemeralKey":"Bay97t0QWZfmNpW4Vfzex7s8EiAL+13saoaQhQPAgH9h","previousCounter":1,"rootKey":"V4fg7QA88UAqlIZcQbr3I7GoyiD0BLWe5rigrVhxnB8="},"indexInfo":{"baseKey":"BQvEuTiaPYzpsqyGp0E/4BFU7O/G8ZZW9xkS9n+yb6h1","baseKeyType":2,"closed":-1,"used":1721533002555,"created":1721532910541,"remoteIdentityKey":"BdgbrIpnF/mllUyr4Aqe8E8Z1kSDHWcHIkM+Os7j9xwU"},"_chains":{"BXjAxK3tzD4HJSMoGjfS/arhqnM2VAje7cmhGzR151t5":{"chainKey":{"counter":1},"chainType":2,"messageKeys":{}},"BUopK11qd4wi3YvYEur54WT/2Jw72U+yVGqUpwxC4Hsj":{"chainKey":{"counter":0},"chainType":2,"messageKeys":{}},"BcUfcFn0ocFgJJOu/MDkj+AKgY1QIfuAevcYUAiu/Xgv":{"chainKey":{"counter":0},"chainType":2,"messageKeys":{}},"BWwOlZ7BpFPbB/lWg5UGfqrftEpGDgJqPxccqFd7lcxW":{"chainKey":{"counter":0},"chainType":2,"messageKeys":{}},"BdFC6RAGrEwvzk0/jea58yBKVJGSFw1Rk5ym4O+mgqwY":{"chainKey":{"counter":0},"chainType":2,"messageKeys":{}},"Bay97t0QWZfmNpW4Vfzex7s8EiAL+13saoaQhQPAgH9h":{"chainKey":{"counter":0,"key":"UkULddu1F/Ybvp6OayDZ3u6L9TNK5O2AHQYZmgJ6VBc="},"chainType":2,"messageKeys":{}},"BXPu+VkvNGlYgdm9JWJdeSLK5NjV9JraPeQwbEMpkp8l":{"chainKey":{"counter":2,"key":"yocHUakA+yVNHAsd7pgXdxXnMiaMi1SF9KzKNhWS/20="},"chainType":1,"messageKeys":{}}}}},"version":"v1"}