{"_sessions":{"BQiw+dC/SXVHCRJKMe15/QTo6SwOvv4+YLjkF5Q59A4n":{"registrationId":1122389036,"currentRatchet":{"ephemeralKeyPair":{"pubKey":"BVGnNcGyUbNp9FJzFAaH8ubfmzGgl6VG0wIXhQsjSLBr","privKey":"cI2goUeFIZP7zYodpTUSNR6DXugm3ShaM0qviM00U1U="},"lastRemoteEphemeralKey":"BbAQt3mYMfh/j3Vd9CaT4TZynjJgfsf0pcLobWweYXxr","previousCounter":2,"rootKey":"6Gt2MP0BI+P4TWrr+pHn8duil6eG5SgMEAmDxN+ZObs="},"indexInfo":{"baseKey":"BQiw+dC/SXVHCRJKMe15/QTo6SwOvv4+YLjkF5Q59A4n","baseKeyType":1,"closed":1721533345856,"used":1721533231283,"created":1721532530742,"remoteIdentityKey":"Be3miMKvVS3R2M7gxStFa8XbJ80zGNQdK1Q9ZypHNK08"},"_chains":{"BWs6y+0ihFrUIqjyJsbE/8nACjUnh/RVtnDaxnVmpoNE":{"chainKey":{"counter":1},"chainType":2,"messageKeys":{}},"BbwS7AmNhfsU1XBBsLdVntieERqndOvmyn9jJ/I0mqYM":{"chainKey":{"counter":1},"chainType":2,"messageKeys":{}},"BfYfDNLMAaUPLpjnte0KF/5Ak52PgJ6IrgRCNuc0CNpH":{"chainKey":{"counter":1},"chainType":2,"messageKeys":{}},"BTBGRKT9iRRr1Inh3nNcom1denjRjdiH74PmqJX16yw/":{"chainKey":{"counter":0},"chainType":2,"messageKeys":{}},"Ba1AlPQE+HBkV2VZylDO5L1KeyCnq5Ox/PRNun0j4Olm":{"chainKey":{"counter":0},"chainType":2,"messageKeys":{}},"BdBIik7KXVpgE43wRB5a9gNPwm17xsBYpNEG+2kcu9dJ":{"chainKey":{"counter":0},"chainType":2,"messageKeys":{}},"BTY8TvJsQUgjTyVOVD7gZ4PVzlGDtR77yJbFjAGg4cpq":{"chainKey":{"counter":0},"chainType":2,"messageKeys":{}},"BXFaAh5bSLiOpq0wwiUhEr4pyi2ZO3xa3uc4AbsyUHls":{"chainKey":{"counter":1},"chainType":2,"messageKeys":{}},"BSK8zwruxP42RMrkU3frCr5NrvgYJUfi/LnjpMu50hom":{"chainKey":{"counter":0},"chainType":2,"messageKeys":{}},"BcNcG6urCm158K629mbK1IVZavFETfy+kMFYwsi8FCAF":{"chainKey":{"counter":0},"chainType":2,"messageKeys":{}},"BSG10b2+Sld5r/1SHOnoblQ3saI07bOQ08RsuGUMzAw6":{"chainKey":{"counter":1},"chainType":2,"messageKeys":{}},"BUU6ijjE6HvMoUCMJ/AWdbA/gUwMi/bZgQs4sbQLva9q":{"chainKey":{"counter":1},"chainType":2,"messageKeys":{}},"BbAQt3mYMfh/j3Vd9CaT4TZynjJgfsf0pcLobWweYXxr":{"chainKey":{"counter":0,"key":"w64Y2UeAV799WpExpXItOKQ+hSs2ZnF/NwX8WYjx7hU="},"chainType":2,"messageKeys":{}},"BVGnNcGyUbNp9FJzFAaH8ubfmzGgl6VG0wIXhQsjSLBr":{"chainKey":{"counter":2,"key":"UzoQSThkBPDsLv4tWkzziWen3dK32nIZyMrRMBisytI="},"chainType":1,"messageKeys":{}}}},"BR1QX+9c97cnPA8jQ15+vYJ1FU0G0qkt1v8vR8p8JRp5":{"registrationId":1122389036,"currentRatchet":{"ephemeralKeyPair":{"pubKey":"BfZ5Rp/aUVUFS6D6fadQ7rvE2dsF+F7IlhD8T6Uh/1Fb","privKey":"4IQClTTj5aMjkwaDwZhLulSyyj4nJne1BiEVnj5VDGc="},"lastRemoteEphemeralKey":"BejoUKuwGBprtCdOUCfm+RPYjTk0/5m8ICbk5dZVj3s3","previousCounter":3,"rootKey":"m2Funx5IR5MudS4/3D1xjIpg4u/r4hbUUFm3WEpWKms="},"indexInfo":{"baseKey":"BR1QX+9c97cnPA8jQ15+vYJ1FU0G0qkt1v8vR8p8JRp5","baseKeyType":2,"closed":-1,"used":1721533418868,"created":1721533345862,"remoteIdentityKey":"Be3miMKvVS3R2M7gxStFa8XbJ80zGNQdK1Q9ZypHNK08"},"_chains":{"BVnGoezH50R9scf3R58qrCUFAhr/p0fRBBtnXtxQBtFR":{"chainKey":{"counter":0},"chainType":2,"messageKeys":{}},"BesgD6galhtNcHxxijBvOx0+4SLKYdyLZhrGYBUCSA1S":{"chainKey":{"counter":0},"chainType":2,"messageKeys":{}},"BaVHxSHm6RSdrkRZBweAf8xQ/LojZILMZ3N66zWpyR5E":{"chainKey":{"counter":0},"chainType":2,"messageKeys":{}},"BejoUKuwGBprtCdOUCfm+RPYjTk0/5m8ICbk5dZVj3s3":{"chainKey":{"counter":0,"key":"iCyR5c3ni1Sch5FnLP/xtlxWVWfBRIZYJsTIju/KY9Y="},"chainType":2,"messageKeys":{}},"BfZ5Rp/aUVUFS6D6fadQ7rvE2dsF+F7IlhD8T6Uh/1Fb":{"chainKey":{"counter":-1,"key":"1p/DxO6N1A0rhyAsYjcHcF6YBgMtz1Yku4TJMxIuzoY="},"chainType":1,"messageKeys":{}}}}},"version":"v1"}