{"_sessions":{"BXVTcO1Ov/DOvVhq/vSum1RvlHsD7X+RvnqtLvQH4Yo/":{"registrationId":643118937,"currentRatchet":{"ephemeralKeyPair":{"pubKey":"BUlYOi9Omr2l4CuENOlZiEgdEygrlQrzNgVWHl0aY213","privKey":"IPIfpAyi2sLrQHcr3abKyz7TMsXfkw1YmdLiXfUxbU4="},"lastRemoteEphemeralKey":"BXLML66cvtoMyMzn/PL6cpVZ8wECL0J2gmCli918PvAP","previousCounter":0,"rootKey":"uwYoc639qp+ShZKLS0EJKs/BCBzlylrFWBGmT+V2tNs="},"indexInfo":{"baseKey":"BXVTcO1Ov/DOvVhq/vSum1RvlHsD7X+RvnqtLvQH4Yo/","baseKeyType":2,"closed":-1,"used":1721532561793,"created":1721532561793,"remoteIdentityKey":"BaOOnGpSxHpM6GAFz9e8+r6XhQgieRvtH/x8z+RraYdJ"},"_chains":{"BXLML66cvtoMyMzn/PL6cpVZ8wECL0J2gmCli918PvAP":{"chainKey":{"counter":0,"key":"HVvwBxJYXW7dWBehzY4zzTAIEcT4snMX4HscgoTvsNw="},"chainType":2,"messageKeys":{}},"BUlYOi9Omr2l4CuENOlZiEgdEygrlQrzNgVWHl0aY213":{"chainKey":{"counter":-1,"key":"j8+ax78yc0+u87YdabbajRJuA4RYsATUSvjb+gm/90c="},"chainType":1,"messageKeys":{}}}}},"version":"v1"}