{"_sessions":{"BSvCuFEU/e/WKdo25XKWnFAVa3OzKGEDwC+owi5J0rgD":{"registrationId":2042676448,"currentRatchet":{"ephemeralKeyPair":{"pubKey":"BWAhp1QFiRgbdHl46bwJqF/y9BJ45RPkqD/vgHf0s9gy","privKey":"2FLeG5ig2MeQtMElGVGqYV55Qh40K6F66mxDNwVlqEs="},"lastRemoteEphemeralKey":"Bde/vYZQxlEyqxhswlM+Zxy7TTc+8dqrqwhMo9uKOLQ7","previousCounter":0,"rootKey":"Wpc6pZ+9WOCI76hrqVbc49AP5OtBqkY4ZDF3UXtgR0Y="},"indexInfo":{"baseKey":"BSvCuFEU/e/WKdo25XKWnFAVa3OzKGEDwC+owi5J0rgD","baseKeyType":1,"closed":1721532557972,"used":1721532557545,"created":1721532557545,"remoteIdentityKey":"Beeo/jwMC3WYolvJhRPBfZ0398n5oc+/fbAbPYBG4As/"},"_chains":{"BWAhp1QFiRgbdHl46bwJqF/y9BJ45RPkqD/vgHf0s9gy":{"chainKey":{"counter":0,"key":"oZshuHwgZ0WQhz9M9GY58LaYARdkwxHpbsWOZoh6/iM="},"chainType":1,"messageKeys":{}}},"pendingPreKey":{"signedKeyId":8,"baseKey":"BSvCuFEU/e/WKdo25XKWnFAVa3OzKGEDwC+owi5J0rgD","preKeyId":912769}},"BasZvyyfNeSSraZj6ayQyFR8ncUJzVvSM2eW+wH6qsg2":{"registrationId":2042676448,"currentRatchet":{"ephemeralKeyPair":{"pubKey":"BWygMSb9RZigMSsXB8Y+PyjZmB+00nmVcaxnV68i5cB4","privKey":"yEuP3SqqN1XuRzwRjgjpxt0eS5sOP9KDM/j0OeWph1E="},"lastRemoteEphemeralKey":"Bde/vYZQxlEyqxhswlM+Zxy7TTc+8dqrqwhMo9uKOLQ7","previousCounter":0,"rootKey":"lXqtgkXFz6n+RVCSQSJPEllpAL6Iha8YMjRU/bZcTac="},"indexInfo":{"baseKey":"BasZvyyfNeSSraZj6ayQyFR8ncUJzVvSM2eW+wH6qsg2","baseKeyType":1,"closed":-1,"used":1721532557894,"created":1721532557894,"remoteIdentityKey":"Beeo/jwMC3WYolvJhRPBfZ0398n5oc+/fbAbPYBG4As/"},"_chains":{"BWygMSb9RZigMSsXB8Y+PyjZmB+00nmVcaxnV68i5cB4":{"chainKey":{"counter":5,"key":"C67dSEigTfNtgrgpTfdRKVtHcQVKwgEFMrYUPpwKhQs="},"chainType":1,"messageKeys":{}}},"pendingPreKey":{"signedKeyId":8,"baseKey":"BasZvyyfNeSSraZj6ayQyFR8ncUJzVvSM2eW+wH6qsg2","preKeyId":913287}}},"version":"v1"}