{"_sessions":{"BZh82xr78sQY0OQLiSNiV/j/7rUfBuz+d6CoQh7G4YgT":{"registrationId":1313030496,"currentRatchet":{"ephemeralKeyPair":{"pubKey":"BS5JV2kAWnw6Z6pWiDh11Gq8KPn5ZLLq+7gGBME7trZu","privKey":"iFKMuzYPqi0/TUqrmGIFB0iiul48QCrgiWVa2JnO4kg="},"lastRemoteEphemeralKey":"BRRoXK6IWJIk/VB5RE0sDE31UdvSCoOB8fzZKzZkVwVF","previousCounter":0,"rootKey":"lEUAyXtI/E0p+9Ttvg0UedVvBk9TqwzkhKigf2cn6JY="},"indexInfo":{"baseKey":"BZh82xr78sQY0OQLiSNiV/j/7rUfBuz+d6CoQh7G4YgT","baseKeyType":1,"closed":1721532557976,"used":1721532557614,"created":1721532557614,"remoteIdentityKey":"BRs1/87noUNRgeaHQWKzEyl1PfnSlHENhpvO6hn0Pact"},"_chains":{"BS5JV2kAWnw6Z6pWiDh11Gq8KPn5ZLLq+7gGBME7trZu":{"chainKey":{"counter":0,"key":"GF7RgYC7JRARcSnA+Tlq/gzgth18CoIcj08RwQvvR14="},"chainType":1,"messageKeys":{}}},"pendingPreKey":{"signedKeyId":21,"baseKey":"BZh82xr78sQY0OQLiSNiV/j/7rUfBuz+d6CoQh7G4YgT","preKeyId":9393265}},"BY584H3+/5r1Hey3VHXBZXkwpBWtgUlUVT0hxBrC/7EK":{"registrationId":1313030496,"currentRatchet":{"ephemeralKeyPair":{"pubKey":"BXOGraRRHantq+z0xqiE2VYnrxXySpuei9218WUgusZn","privKey":"iOb8ZQVBZNam8shfGf+pe9o5+gu8/4tWnyw7m+yl9lY="},"lastRemoteEphemeralKey":"BRRoXK6IWJIk/VB5RE0sDE31UdvSCoOB8fzZKzZkVwVF","previousCounter":0,"rootKey":"+mVbtm09LgEb5Mx/9scODVzNoSBHW2lO3N+yLFOW8Cs="},"indexInfo":{"baseKey":"BY584H3+/5r1Hey3VHXBZXkwpBWtgUlUVT0hxBrC/7EK","baseKeyType":1,"closed":-1,"used":1721532557966,"created":1721532557966,"remoteIdentityKey":"BRs1/87noUNRgeaHQWKzEyl1PfnSlHENhpvO6hn0Pact"},"_chains":{"BXOGraRRHantq+z0xqiE2VYnrxXySpuei9218WUgusZn":{"chainKey":{"counter":5,"key":"E4BEYt3Qfkiu3751XsrDtVGdWGGpdwUjvJ0tHv6V+ao="},"chainType":1,"messageKeys":{}}},"pendingPreKey":{"signedKeyId":21,"baseKey":"BY584H3+/5r1Hey3VHXBZXkwpBWtgUlUVT0hxBrC/7EK","preKeyId":9393944}}},"version":"v1"}