{"_sessions":{"BS1pHQB0vGPdRRr2rk774woIwwoDNX4oDSIz/6nY3SsJ":{"registrationId":2033475425,"currentRatchet":{"ephemeralKeyPair":{"pubKey":"Bc+sYQTCa5FqQkPar97p8vIS0LvrtFA/x41E5A9dCnMZ","privKey":"OBZ8bpQzJDoYTMoiBpRFMX33O/NyKxQaRmYjGOvveUY="},"lastRemoteEphemeralKey":"BZDQdk5nhTJWAIXn4v2QBxj5aHs/5YEUBCM+agOImSsK","previousCounter":0,"rootKey":"NedChGbW2snDpIrFKnXwpW32jumCM6EdCB7OF7zgIlM="},"indexInfo":{"baseKey":"BS1pHQB0vGPdRRr2rk774woIwwoDNX4oDSIz/6nY3SsJ","baseKeyType":2,"closed":-1,"used":1721532790074,"created":1721532790074,"remoteIdentityKey":"BQJ9HRSsj/8fVRjGWQne/F5+9yNslzjAW6zKO5K3IBlt"},"_chains":{"BZDQdk5nhTJWAIXn4v2QBxj5aHs/5YEUBCM+agOImSsK":{"chainKey":{"counter":0,"key":"T5ZDAHhPNhtE0AFLDOooZErpTmgFS4b5ukI+SXhjaYA="},"chainType":2,"messageKeys":{}},"Bc+sYQTCa5FqQkPar97p8vIS0LvrtFA/x41E5A9dCnMZ":{"chainKey":{"counter":-1,"key":"v5wgJ9CL5igvKaJ9k59fkHgYiDtL4zdp2ldnoZ6o7L0="},"chainType":1,"messageKeys":{}}}}},"version":"v1"}