{"_sessions":{"BefndbdPd9DNexyDSgWYjJpVJsEP5Q6BWjOeYwLsDdRc":{"registrationId":7084,"currentRatchet":{"ephemeralKeyPair":{"pubKey":"BfRQ5/9SZZzUDI5PgBvu9XYV0+rxNZTH81s0IcyKqap+","privKey":"+OgsrxlpRXc5UGbJk5cU6mHrTOIiORN1rMoaI/hmrnY="},"lastRemoteEphemeralKey":"BR8F8gDUmtJqicIMOz23Bsg4cMDK0Qbjmdu8mYTy+HAt","previousCounter":0,"rootKey":"e4P28ZjSJuVo7D/sFZ+sNHykbaWwxUET7rqaAVfTbgo="},"indexInfo":{"baseKey":"BefndbdPd9DNexyDSgWYjJpVJsEP5Q6BWjOeYwLsDdRc","baseKeyType":1,"closed":1721532557970,"used":1721532557513,"created":1721532557513,"remoteIdentityKey":"BRb4Bd/PXbbFK+MOmWGXMb7bGDKX4Tk72ypEq7MAg7IE"},"_chains":{"BfRQ5/9SZZzUDI5PgBvu9XYV0+rxNZTH81s0IcyKqap+":{"chainKey":{"counter":0,"key":"jIgDsh7HptKN1IE1UF5h2YyQ7iSUHUzvwwQe9RthGz0="},"chainType":1,"messageKeys":{}}},"pendingPreKey":{"signedKeyId":1,"baseKey":"BefndbdPd9DNexyDSgWYjJpVJsEP5Q6BWjOeYwLsDdRc"}},"BUfBwCcZ/M2J6dL5NCG6GYbQzEASM/3+IkFO3JgOZkhG":{"registrationId":7084,"currentRatchet":{"ephemeralKeyPair":{"pubKey":"BdLVvlc81C2Yjrp66+e6i1BhNzoHWSTGal/B1PibxuAe","privKey":"qMZPQY4Zye3qKY91uOoImgKsaKTcmwph3FC+a5ctf2M="},"lastRemoteEphemeralKey":"BR8F8gDUmtJqicIMOz23Bsg4cMDK0Qbjmdu8mYTy+HAt","previousCounter":0,"rootKey":"pWEXNFyRBpdqYpsSCmyib2EujzxfyTH/B+JF/ZngBTg="},"indexInfo":{"baseKey":"BUfBwCcZ/M2J6dL5NCG6GYbQzEASM/3+IkFO3JgOZkhG","baseKeyType":1,"closed":-1,"used":1721532557865,"created":1721532557865,"remoteIdentityKey":"BRb4Bd/PXbbFK+MOmWGXMb7bGDKX4Tk72ypEq7MAg7IE"},"_chains":{"BdLVvlc81C2Yjrp66+e6i1BhNzoHWSTGal/B1PibxuAe":{"chainKey":{"counter":5,"key":"B1zgSZFqOv/9NGMuLHlamvyTyjlgW3SUI8v6rP9EYgE="},"chainType":1,"messageKeys":{}}},"pendingPreKey":{"signedKeyId":1,"baseKey":"BUfBwCcZ/M2J6dL5NCG6GYbQzEASM/3+IkFO3JgOZkhG"}}},"version":"v1"}