{"_sessions":{"BRhFUL35RIir1gn3un8Dam+VTQdfPVp2gZfG27LtOhFa":{"registrationId":1570313356,"currentRatchet":{"ephemeralKeyPair":{"pubKey":"BfrXu5uvtiL4olwP/LhQlp7OhV+mrN6OKu0ki0EwfJ05","privKey":"AFODmWvJTDnBLV1V42hVRfBwhG+3/md+Dcdi+Nw+0Eo="},"lastRemoteEphemeralKey":"BXRJxlJ9Dq557TXX+EMUfEqew3GUDcXzR2ZWh81oXs8d","previousCounter":0,"rootKey":"Yr/uU27MQUM+OBJuXMlTQTitlChGvTkEYP1EIqaAmCs="},"indexInfo":{"baseKey":"BRhFUL35RIir1gn3un8Dam+VTQdfPVp2gZfG27LtOhFa","baseKeyType":2,"closed":-1,"used":1721532609382,"created":1721532609382,"remoteIdentityKey":"BcpG6e/x82pjsF89V5JOg51pIfg/5nUFJQ5/T2R5bVdw"},"_chains":{"BXRJxlJ9Dq557TXX+EMUfEqew3GUDcXzR2ZWh81oXs8d":{"chainKey":{"counter":0,"key":"6eiFrBlxwJOvNyn+6hy7puNgIgcGdivYRRnxJ+DO8QY="},"chainType":2,"messageKeys":{}},"BfrXu5uvtiL4olwP/LhQlp7OhV+mrN6OKu0ki0EwfJ05":{"chainKey":{"counter":-1,"key":"MugTGeYFFSl4D2Ce71aPANYmZLtyYVD9URFDZSbv55c="},"chainType":1,"messageKeys":{}}}}},"version":"v1"}