{"_sessions":{"BU2/pL6SWD3ePNjf+miinK9FD871HihxwAEhUUOn9Wpr":{"registrationId":299115426,"currentRatchet":{"ephemeralKeyPair":{"pubKey":"BW/rpubiMhRWuGe6mrk8BkZxEujWgS9h/Y7UcEPT/A4l","privKey":"WJdad5N+Fq3l+Xt620DyQbbsj7Qsu6JIjDmgTSLLTW0="},"lastRemoteEphemeralKey":"BaRs7p/OAFOCmBD47f0EvrQuUnZKa/LF+x3q1Ud3Vok1","previousCounter":0,"rootKey":"mmqudC552kH2XnENQDsCzQerxYBEQIqfXLKDglifCWs="},"indexInfo":{"baseKey":"BU2/pL6SWD3ePNjf+miinK9FD871HihxwAEhUUOn9Wpr","baseKeyType":1,"closed":1721532557974,"used":1721532557568,"created":1721532557568,"remoteIdentityKey":"BeUcO1w/j99SbAGWgN2Ie8JY8qSLIjPde3Vw30cZlLQ5"},"_chains":{"BW/rpubiMhRWuGe6mrk8BkZxEujWgS9h/Y7UcEPT/A4l":{"chainKey":{"counter":0,"key":"C1BTou/J9Sz8bZjU5kw7aXMxUWOd29RGx+1YmGQuJrA="},"chainType":1,"messageKeys":{}}},"pendingPreKey":{"signedKeyId":0,"baseKey":"BU2/pL6SWD3ePNjf+miinK9FD871HihxwAEhUUOn9Wpr","preKeyId":2411776}},"BcvcMwXo0HmAsH+BJRFgbQ1xx/kwh81DsjvadhVfHTQQ":{"registrationId":299115426,"currentRatchet":{"ephemeralKeyPair":{"pubKey":"BezR1W2YCxvFg/e5zRzQ/WZ7tndOw4M7Edl9JVu9O+Bu","privKey":"sId5iqL0qe+IttLCiFEkhiJPK3xjtj1Bn05JAu8Ehko="},"lastRemoteEphemeralKey":"BaRs7p/OAFOCmBD47f0EvrQuUnZKa/LF+x3q1Ud3Vok1","previousCounter":0,"rootKey":"njsY12OBrE9XZNdpk17Ip75qghE3HiUBghJdROSn2sc="},"indexInfo":{"baseKey":"BcvcMwXo0HmAsH+BJRFgbQ1xx/kwh81DsjvadhVfHTQQ","baseKeyType":1,"closed":-1,"used":1721532557917,"created":1721532557917,"remoteIdentityKey":"BeUcO1w/j99SbAGWgN2Ie8JY8qSLIjPde3Vw30cZlLQ5"},"_chains":{"BezR1W2YCxvFg/e5zRzQ/WZ7tndOw4M7Edl9JVu9O+Bu":{"chainKey":{"counter":5,"key":"32rXXYcfVkrJORkcupKfGvmc2jFRPdn2NOoXKy1hSGk="},"chainType":1,"messageKeys":{}}},"pendingPreKey":{"signedKeyId":0,"baseKey":"BcvcMwXo0HmAsH+BJRFgbQ1xx/kwh81DsjvadhVfHTQQ","preKeyId":2411028}}},"version":"v1"}