{"_sessions":{"BVbynCL7N5nezvflX5ghpYWhOyZqSeG6BMyTWX4wwZgF":{"registrationId":2090053866,"currentRatchet":{"ephemeralKeyPair":{"pubKey":"BdUy3OqXmhDzZd0/xVnB8DAuS0dlQwqTlI08I9H3aFMb","privKey":"qCGFlcHW1ueqG3QeA7Q/LX6aDdSrl768ngRcJ+ew+Ws="},"lastRemoteEphemeralKey":"BcmN5MWSc40g6DCSr3DQC5YeoCBJ6HEeFkRRerjgsphR","previousCounter":0,"rootKey":"PhGpAcyfaiEeENkebWAhExDfvN9ouAtrL8nH6fWyCog="},"indexInfo":{"baseKey":"BVbynCL7N5nezvflX5ghpYWhOyZqSeG6BMyTWX4wwZgF","baseKeyType":1,"closed":1721532557976,"used":1721532557601,"created":1721532557601,"remoteIdentityKey":"BRp9npFI85j2bBiW4bF659yK84IOxGvBCUy9pcIUPT00"},"_chains":{"BdUy3OqXmhDzZd0/xVnB8DAuS0dlQwqTlI08I9H3aFMb":{"chainKey":{"counter":0,"key":"ePxwccj60NIueBp8ML3M2NfZX5yjU3d68YM+liBYGjY="},"chainType":1,"messageKeys":{}}},"pendingPreKey":{"signedKeyId":49,"baseKey":"BVbynCL7N5nezvflX5ghpYWhOyZqSeG6BMyTWX4wwZgF","preKeyId":3248863}},"BZ8DhTCKZE2pQXB1OrzshDRLdWprvgzrnwmmGgxwGHhJ":{"registrationId":2090053866,"currentRatchet":{"ephemeralKeyPair":{"pubKey":"BRPgRcqT8gChVVhi5dkKV07IaPvjeJ0yhDwRGL3HtDpw","privKey":"gFLpmD8yDvHEIqxGQiH065PwhX1pHvOu+w5EQhdue2Q="},"lastRemoteEphemeralKey":"BcmN5MWSc40g6DCSr3DQC5YeoCBJ6HEeFkRRerjgsphR","previousCounter":0,"rootKey":"0gWS1FNNTjFZYnSPqFQLAD9FrY/aVerzhjaq9qZS3E8="},"indexInfo":{"baseKey":"BZ8DhTCKZE2pQXB1OrzshDRLdWprvgzrnwmmGgxwGHhJ","baseKeyType":1,"closed":-1,"used":1721532557953,"created":1721532557953,"remoteIdentityKey":"BRp9npFI85j2bBiW4bF659yK84IOxGvBCUy9pcIUPT00"},"_chains":{"BRPgRcqT8gChVVhi5dkKV07IaPvjeJ0yhDwRGL3HtDpw":{"chainKey":{"counter":5,"key":"u/vdUPG9kNYqxcqwrZWjnbbQUzg+jRxcFbj45T2Ci30="},"chainType":1,"messageKeys":{}}},"pendingPreKey":{"signedKeyId":49,"baseKey":"BZ8DhTCKZE2pQXB1OrzshDRLdWprvgzrnwmmGgxwGHhJ","preKeyId":3248652}}},"version":"v1"}