{"_sessions":{"BSsl0SxRvltnvJKKjCWt1GKK1pdKrpruMLAsSkW1JrFy":{"registrationId":760024350,"currentRatchet":{"ephemeralKeyPair":{"pubKey":"BdmoFiV642Y/8oEN/yOL6ZOU9nvCsTnf9qHfm1wXY6Zf","privKey":"2CS/Z3m6olSCL8A48xTHAHjwXHwPsPJJbrLS3GASRmk="},"lastRemoteEphemeralKey":"BZYr2JbHNtHezrk7oTD8PxcseGAgEEsZELy4abwNS+Rv","previousCounter":0,"rootKey":"cQi+TvkkTPggnArBSehsWF3Y/H1ambfVT8T6A8RcNIs="},"indexInfo":{"baseKey":"BSsl0SxRvltnvJKKjCWt1GKK1pdKrpruMLAsSkW1JrFy","baseKeyType":1,"closed":1721532557972,"used":1721532557539,"created":1721532557539,"remoteIdentityKey":"BZBsdLg98OvVSpuzsz9hSO5mYdoqsmchWOsuUqhfRW9M"},"_chains":{"BdmoFiV642Y/8oEN/yOL6ZOU9nvCsTnf9qHfm1wXY6Zf":{"chainKey":{"counter":0,"key":"dizc+NhH5DK2jnTPEW9cVabnqW6KJ6+9wyYJQrLdud0="},"chainType":1,"messageKeys":{}}},"pendingPreKey":{"signedKeyId":14,"baseKey":"BSsl0SxRvltnvJKKjCWt1GKK1pdKrpruMLAsSkW1JrFy","preKeyId":1619195}},"Bfq8UqMlMkIsiJF0bWY7lWGE1bYr8qHMabWPmXrOtgNx":{"registrationId":760024350,"currentRatchet":{"ephemeralKeyPair":{"pubKey":"BeY5IF2CtoqlY3NG29+rUAtB2VHEt1/6V1iSlbI6ZW1x","privKey":"OFywQh1L9UTq5FzrWdsv8qtMdNhYMOPj7/sn0d1EHVY="},"lastRemoteEphemeralKey":"BZYr2JbHNtHezrk7oTD8PxcseGAgEEsZELy4abwNS+Rv","previousCounter":0,"rootKey":"t8Q5zmjr18Rd6u91D5trr/uwZGh2L604bVsdvbpLNm4="},"indexInfo":{"baseKey":"Bfq8UqMlMkIsiJF0bWY7lWGE1bYr8qHMabWPmXrOtgNx","baseKeyType":1,"closed":-1,"used":1721532557886,"created":1721532557886,"remoteIdentityKey":"BZBsdLg98OvVSpuzsz9hSO5mYdoqsmchWOsuUqhfRW9M"},"_chains":{"BeY5IF2CtoqlY3NG29+rUAtB2VHEt1/6V1iSlbI6ZW1x":{"chainKey":{"counter":5,"key":"c083wghBsJ8h863IbD8bslT2A5c21Ame5HhT0hd5ItQ="},"chainType":1,"messageKeys":{}}},"pendingPreKey":{"signedKeyId":14,"baseKey":"Bfq8UqMlMkIsiJF0bWY7lWGE1bYr8qHMabWPmXrOtgNx","preKeyId":1618537}}},"version":"v1"}