{"_sessions":{"BX6FChr0Q0N6k+2srWfrYY3JyP5jIRb0mhCNyeQuQMhT":{"registrationId":1387006116,"currentRatchet":{"ephemeralKeyPair":{"pubKey":"BeNAFJYQrLT4H7kp2lEjX0W7zkDkUClZ2TEsQZRhtTV+","privKey":"aJiRgMRZ5Fcnmb0lB0d+Q3e3g/crPtDkvVOe2242z1w="},"lastRemoteEphemeralKey":"BfY8mYLXjkLsakMugu2qKCG4whfTqTnXIPbY1FZkLQJU","previousCounter":0,"rootKey":"nnT16SeKKDqMcuf4DOTMlai1quiIBqxDfkKlHoL69Qs="},"indexInfo":{"baseKey":"BX6FChr0Q0N6k+2srWfrYY3JyP5jIRb0mhCNyeQuQMhT","baseKeyType":1,"closed":1721532557976,"used":1721532557610,"created":1721532557610,"remoteIdentityKey":"BTBzmcjRMxwRwmYvLnJ9lp7iXlgAVEbBqKWmTG9/DS96"},"_chains":{"BeNAFJYQrLT4H7kp2lEjX0W7zkDkUClZ2TEsQZRhtTV+":{"chainKey":{"counter":0,"key":"d2CpS5n+vU2Qfx0IoLEvhM+wRa0vhnzeSVchaCMMMh4="},"chainType":1,"messageKeys":{}}},"pendingPreKey":{"signedKeyId":10934771,"baseKey":"BX6FChr0Q0N6k+2srWfrYY3JyP5jIRb0mhCNyeQuQMhT","preKeyId":15614}},"BXhBVE6qD4fG1vnAhRMSljU0GF4wlMF/zyjxSlGvXGFh":{"registrationId":1387006116,"currentRatchet":{"ephemeralKeyPair":{"pubKey":"BYbPV3SsLYiJhL8bKYvlDI1q9N8Q053LAlFOXjGzUx8j","privKey":"MCcWmt8W8PmnNtNFPO23CGx8wWViPPV/Xbp9hBgWwH8="},"lastRemoteEphemeralKey":"BfY8mYLXjkLsakMugu2qKCG4whfTqTnXIPbY1FZkLQJU","previousCounter":0,"rootKey":"+S/4yvXm039oNR0neb2jxFjvoX0qVmYyUzRg6WqR8Ik="},"indexInfo":{"baseKey":"BXhBVE6qD4fG1vnAhRMSljU0GF4wlMF/zyjxSlGvXGFh","baseKeyType":1,"closed":-1,"used":1721532557961,"created":1721532557961,"remoteIdentityKey":"BTBzmcjRMxwRwmYvLnJ9lp7iXlgAVEbBqKWmTG9/DS96"},"_chains":{"BYbPV3SsLYiJhL8bKYvlDI1q9N8Q053LAlFOXjGzUx8j":{"chainKey":{"counter":5,"key":"tTngSv7LshNTwlMW19BJwXCEdVUJ52tPtIRCRcrsoc0="},"chainType":1,"messageKeys":{}}},"pendingPreKey":{"signedKeyId":10934771,"baseKey":"BXhBVE6qD4fG1vnAhRMSljU0GF4wlMF/zyjxSlGvXGFh","preKeyId":15963}}},"version":"v1"}