{"_sessions":{"BXW1IZrgSa1CzQxCC0eCYmpQ5hTd7OmKLByFjtTc0wRw":{"registrationId":2093342719,"currentRatchet":{"ephemeralKeyPair":{"pubKey":"BfJH0LHk6qCkdqdUXji3izfHuumKKJJ/1a+N56ZZWdhj","privKey":"qABNlE+xT7mEaj74vDccOeIPsGVOn9z/jJzCtr9NqWc="},"lastRemoteEphemeralKey":"BZcLWgON27tAp5gXbeZtkumPFqKWtXL6qTFI5y+Fo4ZT","previousCounter":0,"rootKey":"Vdk9zy5JZiB7cZj4UIQfCMk6CEbUutu7ICci8jjQVAY="},"indexInfo":{"baseKey":"BXW1IZrgSa1CzQxCC0eCYmpQ5hTd7OmKLByFjtTc0wRw","baseKeyType":1,"closed":1721532557976,"used":1721532557605,"created":1721532557605,"remoteIdentityKey":"BTAkdNmBnt100XCxLv019Q7W1p11FjRbTm3S3d+/gF0R"},"_chains":{"BfJH0LHk6qCkdqdUXji3izfHuumKKJJ/1a+N56ZZWdhj":{"chainKey":{"counter":0,"key":"cIoXSNeeqjXaIbd/+Ex0CAF1fQie03yGHhnXjxgaqO4="},"chainType":1,"messageKeys":{}}},"pendingPreKey":{"signedKeyId":4,"baseKey":"BXW1IZrgSa1CzQxCC0eCYmpQ5hTd7OmKLByFjtTc0wRw","preKeyId":2082547}},"Bc1YgnXT89927LUju0OKuZC5htMfdu5vjKaILellYNcY":{"registrationId":2093342719,"currentRatchet":{"ephemeralKeyPair":{"pubKey":"BRTGxbMj9C5gBlMV0IRzLfmjjQDUUzbET+YZXrMMjs8Z","privKey":"aGswjMA79SHJb/OmH8AGWP18Z+jkkX9H6S2zN/uz/UE="},"lastRemoteEphemeralKey":"BZcLWgON27tAp5gXbeZtkumPFqKWtXL6qTFI5y+Fo4ZT","previousCounter":0,"rootKey":"EDmV1w2uQMoPnvpDCpAhGFChByCrQpizcfCWhUSVWyc="},"indexInfo":{"baseKey":"Bc1YgnXT89927LUju0OKuZC5htMfdu5vjKaILellYNcY","baseKeyType":1,"closed":-1,"used":1721532557957,"created":1721532557957,"remoteIdentityKey":"BTAkdNmBnt100XCxLv019Q7W1p11FjRbTm3S3d+/gF0R"},"_chains":{"BRTGxbMj9C5gBlMV0IRzLfmjjQDUUzbET+YZXrMMjs8Z":{"chainKey":{"counter":5,"key":"NKIcakyf4ITKfBLoB2Xn2YDXPGiDjpoud9ZGUlltrTY="},"chainType":1,"messageKeys":{}}},"pendingPreKey":{"signedKeyId":4,"baseKey":"Bc1YgnXT89927LUju0OKuZC5htMfdu5vjKaILellYNcY","preKeyId":2082122}}},"version":"v1"}