{"_sessions":{"BdjCF0SRcCbcndxwLE452KbuQ0YUMMOsBzmHmmNepacB":{"registrationId":224904606,"currentRatchet":{"ephemeralKeyPair":{"pubKey":"BVtiW1bOtytvyDhG129iJKFP0FUM4Z2vmlM1jjc/9LJ4","privKey":"KNU1F8aDBpeYrJqTkV6sQJgtvitJBp1r0QkULEcfXVQ="},"lastRemoteEphemeralKey":"BdJ5l6ruyihdDyf4EdH7U2I2dzO42PM4AwwpgOZzWfN2","previousCounter":0,"rootKey":"ktmlfq8dLa+WBffhAXJ2t6X1//mGTbCd3+uso9ZLrrw="},"indexInfo":{"baseKey":"BdjCF0SRcCbcndxwLE452KbuQ0YUMMOsBzmHmmNepacB","baseKeyType":1,"closed":1721532557974,"used":1721532557573,"created":1721532557573,"remoteIdentityKey":"BQNT5bADqMjYweZR9PMG7g7onn/nmsR/VGiOeUdBtJYF"},"_chains":{"BVtiW1bOtytvyDhG129iJKFP0FUM4Z2vmlM1jjc/9LJ4":{"chainKey":{"counter":0,"key":"D3FJb15NlKmemwItXx9vkZ6+ecWYtKHYXZDStZfYxlw="},"chainType":1,"messageKeys":{}}},"pendingPreKey":{"signedKeyId":7,"baseKey":"BdjCF0SRcCbcndxwLE452KbuQ0YUMMOsBzmHmmNepacB","preKeyId":6511783}},"BW7UKULOlKwK4kvrmGjN+jU9k2a7REZ1iAK4eaP3Ku8f":{"registrationId":224904606,"currentRatchet":{"ephemeralKeyPair":{"pubKey":"BcTkrCnFMUUsEiC5lz05cUe4btHnFANZlXMWKqK9P61n","privKey":"YJ2c3E19vL+seECh6D+val3Z5xdr6nX1d4fvLeK4z3k="},"lastRemoteEphemeralKey":"BdJ5l6ruyihdDyf4EdH7U2I2dzO42PM4AwwpgOZzWfN2","previousCounter":0,"rootKey":"wueqhDEgYIy0YnPUs6BI3daB3N9Iwl4S1GhYF8ENryY="},"indexInfo":{"baseKey":"BW7UKULOlKwK4kvrmGjN+jU9k2a7REZ1iAK4eaP3Ku8f","baseKeyType":1,"closed":-1,"used":1721532557922,"created":1721532557922,"remoteIdentityKey":"BQNT5bADqMjYweZR9PMG7g7onn/nmsR/VGiOeUdBtJYF"},"_chains":{"BcTkrCnFMUUsEiC5lz05cUe4btHnFANZlXMWKqK9P61n":{"chainKey":{"counter":5,"key":"PZWgOJZNUcl3ZplRIyQ5g0A6g2cdST8gfNlvb/40tXg="},"chainType":1,"messageKeys":{}}},"pendingPreKey":{"signedKeyId":7,"baseKey":"BW7UKULOlKwK4kvrmGjN+jU9k2a7REZ1iAK4eaP3Ku8f","preKeyId":6511845}}},"version":"v1"}