{"_sessions":{"BUQQPO/3UDUfZVx3+xgBRgPYyMLa3CAR5AS7ZxR06xRr":{"registrationId":1773073725,"currentRatchet":{"ephemeralKeyPair":{"pubKey":"BUocRWAW1Az24AtiElu9w1Oxx4DXNJxI6OEptxH6c7sY","privKey":"YPxGa1eXca0ys0Y4J4ne654Bn2wx4yfUgJDv8G7d8Ek="},"lastRemoteEphemeralKey":"BUWNVxMt3wXADOHxPWp1NXmvaHjZeHTDRyqqSXkKvAhx","previousCounter":0,"rootKey":"QdsB6O1WQb8CoaZMnutIKoEU+YVxJwcxK6nFbZ277ZA="},"indexInfo":{"baseKey":"BUQQPO/3UDUfZVx3+xgBRgPYyMLa3CAR5AS7ZxR06xRr","baseKeyType":2,"closed":1721532558967,"used":1721532613747,"created":1721532529895,"remoteIdentityKey":"Be3ni6cc9I4dOPJiKJ+qni/QLVQipRB12Y6qDWtLtoYp"},"_chains":{"BUZIogb+iIZAFK4fok7nfL7y05kj1GzB+kDwJsV3eMUn":{"chainKey":{"counter":4},"chainType":2,"messageKeys":{}},"BWX5eii+JAQ0V+GOJoHYtl+CgZa0Qpfza4iKadGa4Oos":{"chainKey":{"counter":1},"chainType":2,"messageKeys":{}},"BUWNVxMt3wXADOHxPWp1NXmvaHjZeHTDRyqqSXkKvAhx":{"chainKey":{"counter":7,"key":"kuJzqBwujiVHRIkUyD01G2eFzQzQ7iUtUz4sGu5D8yA="},"chainType":2,"messageKeys":{}},"BUocRWAW1Az24AtiElu9w1Oxx4DXNJxI6OEptxH6c7sY":{"chainKey":{"counter":-1,"key":"EL956CnR8RFJ+BvaiaFUomWlOjWXT3dArnH8QhhgW40="},"chainType":1,"messageKeys":{}}}},"BRXo74xAYYk4a02dLDdgJU7v6xFEV8PHzMd7BtXTylNe":{"registrationId":1773073725,"currentRatchet":{"ephemeralKeyPair":{"pubKey":"BebMaA0Zp35u2iBrVoIPRn+f8kCFQvmXJRI5L0EZ1S82","privKey":"YIAJzBqa7KUJcdtse5BpkDR6762fnLvLzzPJY8M3uk8="},"lastRemoteEphemeralKey":"BUWNVxMt3wXADOHxPWp1NXmvaHjZeHTDRyqqSXkKvAhx","previousCounter":-1,"rootKey":"3/8ntbLW0G+p3ZVsWaKpv+SZYbAauLniHKTHA4dvtcM="},"indexInfo":{"baseKey":"BRXo74xAYYk4a02dLDdgJU7v6xFEV8PHzMd7BtXTylNe","baseKeyType":1,"closed":1721532559527,"used":1721532558960,"created":1721532558960,"remoteIdentityKey":"Be3ni6cc9I4dOPJiKJ+qni/QLVQipRB12Y6qDWtLtoYp"},"_chains":{"BUWNVxMt3wXADOHxPWp1NXmvaHjZeHTDRyqqSXkKvAhx":{"chainKey":{"counter":1,"key":"lUv/Vh5tKNNc5mFFe+9yivvXVz35225w0oiK6Il1Y1g="},"chainType":2,"messageKeys":{"0":"lCrktm8riNl+6SLC7UR5g0VtCMsihOkSR/imUUUahIA="}},"BebMaA0Zp35u2iBrVoIPRn+f8kCFQvmXJRI5L0EZ1S82":{"chainKey":{"counter":-1,"key":"xAvqeeET0GSlgxbDZx7ITr3ThMbEagbv7NseAX/zYIY="},"chainType":1,"messageKeys":{}}},"pendingPreKey":{"signedKeyId":0,"baseKey":"BRXo74xAYYk4a02dLDdgJU7v6xFEV8PHzMd7BtXTylNe","preKeyId":14683542}},"BWAqr7+VwqJG9G+4EuIbMvGd/2eJUqavxGdYm/D4Frln":{"registrationId":1773073725,"currentRatchet":{"ephemeralKeyPair":{"pubKey":"BWAtLCgou8GKhv67wsnC88L0KXk0TGbUIMehVuvOlyR9","privKey":"YB/7M/TBWCWOvGXj8/ifY0d76ObDzM7dosoYYBwVjHI="},"lastRemoteEphemeralKey":"BUWNVxMt3wXADOHxPWp1NXmvaHjZeHTDRyqqSXkKvAhx","previousCounter":-1,"rootKey":"6GKowqYYSVbrzb5KKWo9waaFZ5TisTLl1syEVLD0oAs="},"indexInfo":{"baseKey":"BWAqr7+VwqJG9G+4EuIbMvGd/2eJUqavxGdYm/D4Frln","baseKeyType":1,"closed":1721532769410,"used":1721532559525,"created":1721532559525,"remoteIdentityKey":"Be3ni6cc9I4dOPJiKJ+qni/QLVQipRB12Y6qDWtLtoYp"},"_chains":{"BUWNVxMt3wXADOHxPWp1NXmvaHjZeHTDRyqqSXkKvAhx":{"chainKey":{"counter":1,"key":"aPoTnOvrK2YOKc8xmOs8T3taPLe8+ddUJdOn22aWpLA="},"chainType":2,"messageKeys":{"0":"Nwg9pVXmZ80UqHZICwDJmBnE2mRZ1nCTm/ILJYHpxmY="}},"BWAtLCgou8GKhv67wsnC88L0KXk0TGbUIMehVuvOlyR9":{"chainKey":{"counter":0,"key":"NRlP3m5jpZNNnbpU8t9Glhv+Qm7dauk2U7NqMBwq3CM="},"chainType":1,"messageKeys":{}}},"pendingPreKey":{"signedKeyId":0,"baseKey":"BWAqr7+VwqJG9G+4EuIbMvGd/2eJUqavxGdYm/D4Frln","preKeyId":14682870}},"BWZxIYJAZGiU8DapaO1QLJylQ92PQL0QKJTpE6iyT8gE":{"registrationId":1773073725,"currentRatchet":{"ephemeralKeyPair":{"pubKey":"BbwucHeTD7s1c0QjGy2sQXkyjxojs85ApTEverxLDHtP","privKey":"qD9gwSvunPaXEiq+lKThXj56nNAElGOTG63xDYDvr0M="},"lastRemoteEphemeralKey":"BU/cu+4NtZwz6XE5yVD9fIkepnr6jP2H+BtC1V9banxk","previousCounter":6,"rootKey":"FJfXMFrOFRg2HSKmoEZTyzkVeqqEujweGUiyXOXFmHY="},"indexInfo":{"baseKey":"BWZxIYJAZGiU8DapaO1QLJylQ92PQL0QKJTpE6iyT8gE","baseKeyType":1,"closed":1721532929287,"used":1721532910502,"created":1721532769405,"remoteIdentityKey":"Be3ni6cc9I4dOPJiKJ+qni/QLVQipRB12Y6qDWtLtoYp"},"_chains":{"BU/cu+4NtZwz6XE5yVD9fIkepnr6jP2H+BtC1V9banxk":{"chainKey":{"counter":0,"key":"winlnzTkDQWFBydbXTOUm1CDIcqIytAMJ1oNzMfQT/c="},"chainType":2,"messageKeys":{}},"BbwucHeTD7s1c0QjGy2sQXkyjxojs85ApTEverxLDHtP":{"chainKey":{"counter":2,"key":"xzLba7f4XppqFhsC9x/1NS+F+ouVcOFbRAie+xZSIgM="},"chainType":1,"messageKeys":{}}}},"BbEHmzQ1s2X0bcteCRGg60j1tRPVFvRRF2GgTWm8c6Al":{"registrationId":1773073725,"currentRatchet":{"ephemeralKeyPair":{"pubKey":"BREvbuhwt2jGy8YOqQAgRDp/yv3GLh20GQDoao7orRUy","privKey":"8G8kVNpDWGHldCGHORk2PPRe2SwZhZMjd8C3s0ofGFI="},"lastRemoteEphemeralKey":"BcQyLBpII4YrxeQ+VPkwV9iD2/v/d04eh2g1p84FwStF","previousCounter":0,"rootKey":"mZC+Qfj+mq+inkhRk9UbLcuPbK7iww9cQRVh3dQKt5E="},"indexInfo":{"baseKey":"BbEHmzQ1s2X0bcteCRGg60j1tRPVFvRRF2GgTWm8c6Al","baseKeyType":1,"closed":1721532929857,"used":1721532929282,"created":1721532929282,"remoteIdentityKey":"Be3ni6cc9I4dOPJiKJ+qni/QLVQipRB12Y6qDWtLtoYp"},"_chains":{"BREvbuhwt2jGy8YOqQAgRDp/yv3GLh20GQDoao7orRUy":{"chainKey":{"counter":-1,"key":"oEXxy7+i93eXM8ejeC1auKfCtn3BIzoshdZZmttG6N8="},"chainType":1,"messageKeys":{}}},"pendingPreKey":{"signedKeyId":0,"baseKey":"BbEHmzQ1s2X0bcteCRGg60j1tRPVFvRRF2GgTWm8c6Al","preKeyId":14682954}},"BYQ/HvVGVHgd9prcoTfVjpAUF4bpcaLAncj6jZPZdRUB":{"registrationId":1773073725,"currentRatchet":{"ephemeralKeyPair":{"pubKey":"BbGrmTLCY1XgbdIM43SqtladgRuiW/y/VnMFq6KZn8sE","privKey":"IPPzhonoZ4Xw7n9oxAEkUE+O8q190AD5ZTwDwiu5mVI="},"lastRemoteEphemeralKey":"BcQyLBpII4YrxeQ+VPkwV9iD2/v/d04eh2g1p84FwStF","previousCounter":0,"rootKey":"x/OzOSYzw96utbxBzzGI2XU/qFWHsVzKE8UY/ubbDwQ="},"indexInfo":{"baseKey":"BYQ/HvVGVHgd9prcoTfVjpAUF4bpcaLAncj6jZPZdRUB","baseKeyType":1,"closed":1721532952243,"used":1721532929854,"created":1721532929854,"remoteIdentityKey":"Be3ni6cc9I4dOPJiKJ+qni/QLVQipRB12Y6qDWtLtoYp"},"_chains":{"BbGrmTLCY1XgbdIM43SqtladgRuiW/y/VnMFq6KZn8sE":{"chainKey":{"counter":0,"key":"0NBmlSpFNZtieYmkkcQ44yAMx304XIkQ69Xde5br1MQ="},"chainType":1,"messageKeys":{}}},"pendingPreKey":{"signedKeyId":0,"baseKey":"BYQ/HvVGVHgd9prcoTfVjpAUF4bpcaLAncj6jZPZdRUB","preKeyId":14683010}},"BXOEuPJ6gdm4c+P7cUKNzhvz9S9G8Q8PTMYntbvdwPw9":{"registrationId":1773073725,"currentRatchet":{"ephemeralKeyPair":{"pubKey":"BWwuW+Dkdd7Kj9Ld78hsZ64PJJorX7VAflJhJlf1HgdE","privKey":"cGKtZ9/Acd37VM3hIOYO9eAoBCx/fbpyBVPbnVI6h2o="},"lastRemoteEphemeralKey":"BcQyLBpII4YrxeQ+VPkwV9iD2/v/d04eh2g1p84FwStF","previousCounter":0,"rootKey":"2UDJj2J/A4Pe1ew+sUAlaJZwxLyYtUx7Q9fKJwT5cHw="},"indexInfo":{"baseKey":"BXOEuPJ6gdm4c+P7cUKNzhvz9S9G8Q8PTMYntbvdwPw9","baseKeyType":1,"closed":1721532952837,"used":1721532952240,"created":1721532952240,"remoteIdentityKey":"Be3ni6cc9I4dOPJiKJ+qni/QLVQipRB12Y6qDWtLtoYp"},"_chains":{"BWwuW+Dkdd7Kj9Ld78hsZ64PJJorX7VAflJhJlf1HgdE":{"chainKey":{"counter":-1,"key":"u1WQINiiBQ9RcYga4Q0/jPimYKQHcakcULGAFQ7QojI="},"chainType":1,"messageKeys":{}}},"pendingPreKey":{"signedKeyId":0,"baseKey":"BXOEuPJ6gdm4c+P7cUKNzhvz9S9G8Q8PTMYntbvdwPw9","preKeyId":14683050}},"BXy3DT24ZMNq7V7m3JP1KbZR7NavY3RJk0OsAlNHjqhH":{"registrationId":1773073725,"currentRatchet":{"ephemeralKeyPair":{"pubKey":"Bacq61F7pUOkUehkPnRR52BhftRegrdTSf7P20gdfAlz","privKey":"mHzJmO7G7FYqaBjhRHS6PSs27B93kEL5DpzZy874AG0="},"lastRemoteEphemeralKey":"BcQyLBpII4YrxeQ+VPkwV9iD2/v/d04eh2g1p84FwStF","previousCounter":0,"rootKey":"6nM5dqfEUW/xsVFiUH35i6ffvoZJIwxc5U1fWcoU+mo="},"indexInfo":{"baseKey":"BXy3DT24ZMNq7V7m3JP1KbZR7NavY3RJk0OsAlNHjqhH","baseKeyType":1,"closed":1721532953415,"used":1721532952828,"created":1721532952828,"remoteIdentityKey":"Be3ni6cc9I4dOPJiKJ+qni/QLVQipRB12Y6qDWtLtoYp"},"_chains":{"Bacq61F7pUOkUehkPnRR52BhftRegrdTSf7P20gdfAlz":{"chainKey":{"counter":-1,"key":"wYm66s522LUoJaDnvxSgftXIPwGsGjN5KVkzXkwINhA="},"chainType":1,"messageKeys":{}}},"pendingPreKey":{"signedKeyId":0,"baseKey":"BXy3DT24ZMNq7V7m3JP1KbZR7NavY3RJk0OsAlNHjqhH","preKeyId":14683644}},"BULIf9PyKzTLk3qgYFX6U8oAsmeNtrhv7KjqxOwrcypA":{"registrationId":1773073725,"currentRatchet":{"ephemeralKeyPair":{"pubKey":"BcuuT/jq4aBL4oo3S8z7vrHMTiW5ICFNs30eJvK+7JAh","privKey":"iG6mkTY51qop8EfZmx/15DnffTIO2ZprEhE5ZzlGCEY="},"lastRemoteEphemeralKey":"BcQyLBpII4YrxeQ+VPkwV9iD2/v/d04eh2g1p84FwStF","previousCounter":0,"rootKey":"3uYLerrwnbLO1i1iVuTOQD9GFhgKLX2UA8pfKqO2k7U="},"indexInfo":{"baseKey":"BULIf9PyKzTLk3qgYFX6U8oAsmeNtrhv7KjqxOwrcypA","baseKeyType":1,"closed":1721532953914,"used":1721532953409,"created":1721532953409,"remoteIdentityKey":"Be3ni6cc9I4dOPJiKJ+qni/QLVQipRB12Y6qDWtLtoYp"},"_chains":{"BcuuT/jq4aBL4oo3S8z7vrHMTiW5ICFNs30eJvK+7JAh":{"chainKey":{"counter":-1,"key":"ZPq/3/EypEor//NrtkKIZgyI/qK+/gJev6kA+Ftnb/I="},"chainType":1,"messageKeys":{}}},"pendingPreKey":{"signedKeyId":0,"baseKey":"BULIf9PyKzTLk3qgYFX6U8oAsmeNtrhv7KjqxOwrcypA","preKeyId":14683576}},"BVyUxQ/7Z2y1NtwTkw0s8vFWRWz/3yJmO7nkIB15HjBy":{"registrationId":1773073725,"currentRatchet":{"ephemeralKeyPair":{"pubKey":"BRjGL6ECjqMEdjaqTUnIqesNLb+loaXep14PO4L70MFF","privKey":"AKUtdaKTyWOq+A9p4NZU+YN2/nNh4vr2JBF+OWxTRFc="},"lastRemoteEphemeralKey":"BcQyLBpII4YrxeQ+VPkwV9iD2/v/d04eh2g1p84FwStF","previousCounter":0,"rootKey":"q3718/03J1hIQVrH30Gm7OLnWhReEAUlmheLJEX7POM="},"indexInfo":{"baseKey":"BVyUxQ/7Z2y1NtwTkw0s8vFWRWz/3yJmO7nkIB15HjBy","baseKeyType":1,"closed":1721532954170,"used":1721532953912,"created":1721532953912,"remoteIdentityKey":"Be3ni6cc9I4dOPJiKJ+qni/QLVQipRB12Y6qDWtLtoYp"},"_chains":{"BRjGL6ECjqMEdjaqTUnIqesNLb+loaXep14PO4L70MFF":{"chainKey":{"counter":-1,"key":"WoD5v6/J3MK6r6HnH8xiDHR5wOi0+HFVVB9dAS8uzsI="},"chainType":1,"messageKeys":{}}},"pendingPreKey":{"signedKeyId":0,"baseKey":"BVyUxQ/7Z2y1NtwTkw0s8vFWRWz/3yJmO7nkIB15HjBy","preKeyId":14682932}},"BeGIQQNmqwkeb5+QFVZQ0WWYD8ecTwLyBRasTNlFDBR0":{"registrationId":1773073725,"currentRatchet":{"ephemeralKeyPair":{"pubKey":"BSbOJdwOLY5ihFJ9nhx1BwM7RCX9L7+jDWxfvJSrmEIM","privKey":"MKv7SazP9YuQFWYHSiuON81fJBcV/jD5VXhmLKJ78FI="},"lastRemoteEphemeralKey":"BcQyLBpII4YrxeQ+VPkwV9iD2/v/d04eh2g1p84FwStF","previousCounter":0,"rootKey":"lqZhOk4xXYLOW4RAiDRNVZ8RplP4vmZhnHnZVbStFkU="},"indexInfo":{"baseKey":"BeGIQQNmqwkeb5+QFVZQ0WWYD8ecTwLyBRasTNlFDBR0","baseKeyType":1,"closed":1721532961635,"used":1721532954168,"created":1721532954168,"remoteIdentityKey":"Be3ni6cc9I4dOPJiKJ+qni/QLVQipRB12Y6qDWtLtoYp"},"_chains":{"BSbOJdwOLY5ihFJ9nhx1BwM7RCX9L7+jDWxfvJSrmEIM":{"chainKey":{"counter":-1,"key":"IPeRWC7pFW61VET3rU4xw2u9D2joknfNAYuxADFe/Xo="},"chainType":1,"messageKeys":{}}},"pendingPreKey":{"signedKeyId":0,"baseKey":"BeGIQQNmqwkeb5+QFVZQ0WWYD8ecTwLyBRasTNlFDBR0","preKeyId":14683005}},"BXiJom8vPrzAYovdYk4h9E4krFBAwhgsMu5hCx4bNApL":{"registrationId":1773073725,"currentRatchet":{"ephemeralKeyPair":{"pubKey":"BUW9i14wlUYx3uHOYMB0sSooFDn1F0Idbs5Qy741KBdc","privKey":"yESB/pDcwoLQAqPCjy5bO3rGr/10NHTGyr034Hx0dmE="},"lastRemoteEphemeralKey":"BcQyLBpII4YrxeQ+VPkwV9iD2/v/d04eh2g1p84FwStF","previousCounter":0,"rootKey":"Lp8EZX3xkJ5d4PDEGtbyVh+ebiGVLt/G7ZQ2VLSlKac="},"indexInfo":{"baseKey":"BXiJom8vPrzAYovdYk4h9E4krFBAwhgsMu5hCx4bNApL","baseKeyType":1,"closed":1721532961895,"used":1721532961625,"created":1721532961625,"remoteIdentityKey":"Be3ni6cc9I4dOPJiKJ+qni/QLVQipRB12Y6qDWtLtoYp"},"_chains":{"BUW9i14wlUYx3uHOYMB0sSooFDn1F0Idbs5Qy741KBdc":{"chainKey":{"counter":-1,"key":"l/bShcP4grn6pp9xl72/pENe4gpWlhcx3tfeaJvfAjY="},"chainType":1,"messageKeys":{}}},"pendingPreKey":{"signedKeyId":0,"baseKey":"BXiJom8vPrzAYovdYk4h9E4krFBAwhgsMu5hCx4bNApL","preKeyId":14683003}},"BdQuv1yGyWgwU9YPcVSpukP0USfvScKVp6CAw/bWCqoB":{"registrationId":1773073725,"currentRatchet":{"ephemeralKeyPair":{"pubKey":"BftENR8Lvz3PeKMYCsnxoPqlI8Sl1dqaaNnlzaCTdhBn","privKey":"WBNwHGWM3Hc/ZhEvETVJ7kj9gODVttL8T9RXW9O8XnY="},"lastRemoteEphemeralKey":"BcQyLBpII4YrxeQ+VPkwV9iD2/v/d04eh2g1p84FwStF","previousCounter":0,"rootKey":"KabLOT0dnwnBsNO9AXwbT3Da7qQR19K8XRPdl0/7M48="},"indexInfo":{"baseKey":"BdQuv1yGyWgwU9YPcVSpukP0USfvScKVp6CAw/bWCqoB","baseKeyType":1,"closed":1721533350342,"used":1721532961892,"created":1721532961892,"remoteIdentityKey":"Be3ni6cc9I4dOPJiKJ+qni/QLVQipRB12Y6qDWtLtoYp"},"_chains":{"BftENR8Lvz3PeKMYCsnxoPqlI8Sl1dqaaNnlzaCTdhBn":{"chainKey":{"counter":20,"key":"2qIWV6UTmMjrGltLVWE05G3ti6XEihgWwn/XsBlXLxI="},"chainType":1,"messageKeys":{}}},"pendingPreKey":{"signedKeyId":0,"baseKey":"BdQuv1yGyWgwU9YPcVSpukP0USfvScKVp6CAw/bWCqoB","preKeyId":14682919}},"BTc3Gr93kBpBxpJSAwj+Sw0xaJxqWwWufGCj7xJOswoy":{"registrationId":1773073725,"currentRatchet":{"ephemeralKeyPair":{"pubKey":"BS7c+sveYAtQSaL3QUHAT3r1LnHWhkn5aVrWL8b2jsoZ","privKey":"OCLNN6tJgwN5QnN08Ze7VDGFl8Nj0g33zdZHdurQnUA="},"lastRemoteEphemeralKey":"BcQyLBpII4YrxeQ+VPkwV9iD2/v/d04eh2g1p84FwStF","previousCounter":0,"rootKey":"k7RRqjxnGY31fZ0mbRdNH0HwxEQWlnxqbkLSD6XAR+g="},"indexInfo":{"baseKey":"BTc3Gr93kBpBxpJSAwj+Sw0xaJxqWwWufGCj7xJOswoy","baseKeyType":1,"closed":1721533350603,"used":1721533350339,"created":1721533350339,"remoteIdentityKey":"Be3ni6cc9I4dOPJiKJ+qni/QLVQipRB12Y6qDWtLtoYp"},"_chains":{"BS7c+sveYAtQSaL3QUHAT3r1LnHWhkn5aVrWL8b2jsoZ":{"chainKey":{"counter":-1,"key":"FM+5KjaZN/7Kq2dVmrCUTvEsRdn4Tk2Zbe9DwA2qdyE="},"chainType":1,"messageKeys":{}}},"pendingPreKey":{"signedKeyId":0,"baseKey":"BTc3Gr93kBpBxpJSAwj+Sw0xaJxqWwWufGCj7xJOswoy","preKeyId":14683566}},"BbLgI8rkgF1/ZzL4W4lvMuVqT8Im9Dd9FPiBzvAmEXVY":{"registrationId":1773073725,"currentRatchet":{"ephemeralKeyPair":{"pubKey":"BZWqs/SgKjzu6Di613gJrYNDieCRnC5d86JgnJUYuGk7","privKey":"YIPq4Vu8r+yqHCmU7Fm2xV1fOEoZa8iu+U6OzRKq8VE="},"lastRemoteEphemeralKey":"BcQyLBpII4YrxeQ+VPkwV9iD2/v/d04eh2g1p84FwStF","previousCounter":0,"rootKey":"KmIaBGZJ1eh12qLMdNgxBdiVbjtj66gQBjYsrARXT54="},"indexInfo":{"baseKey":"BbLgI8rkgF1/ZzL4W4lvMuVqT8Im9Dd9FPiBzvAmEXVY","baseKeyType":1,"closed":-1,"used":1721533350600,"created":1721533350600,"remoteIdentityKey":"Be3ni6cc9I4dOPJiKJ+qni/QLVQipRB12Y6qDWtLtoYp"},"_chains":{"BZWqs/SgKjzu6Di613gJrYNDieCRnC5d86JgnJUYuGk7":{"chainKey":{"counter":1,"key":"DxEpJ1yCE94JNTOJ9sPLCNVrOv7LEtAdedoZhFOQxyk="},"chainType":1,"messageKeys":{}}},"pendingPreKey":{"signedKeyId":0,"baseKey":"BbLgI8rkgF1/ZzL4W4lvMuVqT8Im9Dd9FPiBzvAmEXVY","preKeyId":14682899}}},"version":"v1"}