{"_sessions":{"BRVtvKjZsSRhhQo9JAPwl2DBSEGTdZeGA2EW6P3+g4RQ":{"registrationId":9,"currentRatchet":{"ephemeralKeyPair":{"pubKey":"BYpvGi2EYpDJivs85/2ZekjA6lE1INdduoZdUdPQUa1K","privKey":"YE0+qjLpP5vwydSUMIUuTYEfG90Xh2tTt4QkZNl9REY="},"lastRemoteEphemeralKey":"BZ9KhHj5iKJh12+U3yFxoDKXWAWy5IJrY0cDeP4TYV1L","previousCounter":0,"rootKey":"c4AsGsZRYDADEkz8uWi8AEb+mT7w53Ng2F45achF8SE="},"indexInfo":{"baseKey":"BRVtvKjZsSRhhQo9JAPwl2DBSEGTdZeGA2EW6P3+g4RQ","baseKeyType":1,"closed":-1,"used":1721532530733,"created":1721532530733,"remoteIdentityKey":"BVx1Apk77AOQBLuip+aI6tWfbYBl+M3Qt9x10T2/S+dt"},"_chains":{"BYpvGi2EYpDJivs85/2ZekjA6lE1INdduoZdUdPQUa1K":{"chainKey":{"counter":44,"key":"cHSUht3PYq1PhEHIpvwQ+Hh2pZudP7cz4nS7D59Rt4A="},"chainType":1,"messageKeys":{}}},"pendingPreKey":{"signedKeyId":1,"baseKey":"BRVtvKjZsSRhhQo9JAPwl2DBSEGTdZeGA2EW6P3+g4RQ","preKeyId":13}}},"version":"v1"}