{"_sessions":{"BZHRVKvHg6WF9t4+F+AQZS91x3rH3b4r1w/n9BqxBfdm":{"registrationId":16004,"currentRatchet":{"ephemeralKeyPair":{"pubKey":"Bfwlkf+MorJ/KBmIZCdshSOGH8dk8wUQxQA8NuLbOIlx","privKey":"UPpoXRMiRz4PCGwOYSTWotG+MIWiJhdg2KCASN20MFE="},"lastRemoteEphemeralKey":"BcYrht5srhPrlacpF2+07t8//56gMvd5300a5zSWCTkr","previousCounter":0,"rootKey":"hTA8akmONNjjK88Q5apFPsCl+yCzs2bqDX04F4snoV0="},"indexInfo":{"baseKey":"BZHRVKvHg6WF9t4+F+AQZS91x3rH3b4r1w/n9BqxBfdm","baseKeyType":1,"closed":1721532557970,"used":1721532557501,"created":1721532557501,"remoteIdentityKey":"BSQbCog5AoPIlEiFixL0vYTrhBiaEVQ8jnTJo7MD+G9Q"},"_chains":{"Bfwlkf+MorJ/KBmIZCdshSOGH8dk8wUQxQA8NuLbOIlx":{"chainKey":{"counter":0,"key":"QE1h6P/h7UhgaLyPGJLCMVddfEj3vf9NmcbkBqPadcQ="},"chainType":1,"messageKeys":{}}},"pendingPreKey":{"signedKeyId":1,"baseKey":"BZHRVKvHg6WF9t4+F+AQZS91x3rH3b4r1w/n9BqxBfdm"}},"BctIKIt2pz0c/92d14ChoevCpqfEhfPAOWLVJjrQgrEk":{"registrationId":16004,"currentRatchet":{"ephemeralKeyPair":{"pubKey":"Bfa5Q+SgXziNNtsELvRcEeE33aM/Fr4GK79sIT0WgPs7","privKey":"UMMkbQfLXWrlSX8lvgfm/YtdfZP5h3rII6BdIBuKsHo="},"lastRemoteEphemeralKey":"BcYrht5srhPrlacpF2+07t8//56gMvd5300a5zSWCTkr","previousCounter":0,"rootKey":"IfraEp5rLSY0kh8BeT0XNJKHGvTPk6Y5Y03d2eJm1kE="},"indexInfo":{"baseKey":"BctIKIt2pz0c/92d14ChoevCpqfEhfPAOWLVJjrQgrEk","baseKeyType":1,"closed":-1,"used":1721532557861,"created":1721532557861,"remoteIdentityKey":"BSQbCog5AoPIlEiFixL0vYTrhBiaEVQ8jnTJo7MD+G9Q"},"_chains":{"Bfa5Q+SgXziNNtsELvRcEeE33aM/Fr4GK79sIT0WgPs7":{"chainKey":{"counter":5,"key":"Ge9drUdJpxK/P8/5z5wHptic9ngiLmIcSzhOO6qAX9o="},"chainType":1,"messageKeys":{}}},"pendingPreKey":{"signedKeyId":1,"baseKey":"BctIKIt2pz0c/92d14ChoevCpqfEhfPAOWLVJjrQgrEk"}}},"version":"v1"}