{"_sessions":{"Beo/lN0yTEcinPIWLQtltEQ9JJZT5vbXgTnv2/khCYh1":{"registrationId":368913530,"currentRatchet":{"ephemeralKeyPair":{"pubKey":"BUBPlcvsqRmO8373zWNy+EzqnCKNCKN1KXOrYa4wL+FG","privKey":"QGwIfsnms6f7GuRWGBzKX6lWEhPHfWWuUifmLdp6LWk="},"lastRemoteEphemeralKey":"BdIdiEtoYBNAzFWc8LiqB8KOmfX1WdVNd7xcVpRYX64X","previousCounter":0,"rootKey":"mgNuie6sXddkog97znMSqo+L7BkdkUuuNj5iNJ0GrVs="},"indexInfo":{"baseKey":"Beo/lN0yTEcinPIWLQtltEQ9JJZT5vbXgTnv2/khCYh1","baseKeyType":2,"closed":-1,"used":1721532674793,"created":1721532674793,"remoteIdentityKey":"BYUesGbqf3GqeLz8P55Ba/Cwd3v5KOGQsgEhI0HkV45+"},"_chains":{"BdIdiEtoYBNAzFWc8LiqB8KOmfX1WdVNd7xcVpRYX64X":{"chainKey":{"counter":0,"key":"bkwDbPOzwUZNPB2hNm4rMAptt9B73tsU7MKnP7vQCcQ="},"chainType":2,"messageKeys":{}},"BUBPlcvsqRmO8373zWNy+EzqnCKNCKN1KXOrYa4wL+FG":{"chainKey":{"counter":-1,"key":"ZLIvyheoFhy3bsQkEYLsNjRQ6Y1tNS3S1ljHrrjuJ7I="},"chainType":1,"messageKeys":{}}}}},"version":"v1"}