{"_sessions":{"BUtjigAgQPq1Bs0VaT4SvtGjGn0g+k4+9CnjpgzyiNls":{"registrationId":116258199,"currentRatchet":{"ephemeralKeyPair":{"pubKey":"BeRSmX+3zUosJRyIaN/hm8Snhjbgv0xALBvviMwADcBd","privKey":"WGQCQwioiCQA68xOySH7wT5ZiuicvWFMEd/yq8y9fE8="},"lastRemoteEphemeralKey":"BVMb9wbKefbvv/zbS20odpFmduwlSZxlOiaGR60VW41j","previousCounter":0,"rootKey":"X5zwumWGA1kPIB9wPVp68wRB1cZoZgQ1hW0PJ2AfusI="},"indexInfo":{"baseKey":"BUtjigAgQPq1Bs0VaT4SvtGjGn0g+k4+9CnjpgzyiNls","baseKeyType":1,"closed":1721532557973,"used":1721532557559,"created":1721532557559,"remoteIdentityKey":"BfZFWarfp0CIt1G9MYf2L5/TlnDA0OhXGQAsgHKIqAl2"},"_chains":{"BeRSmX+3zUosJRyIaN/hm8Snhjbgv0xALBvviMwADcBd":{"chainKey":{"counter":0,"key":"FmgtyYKS5i7/eQut424brxSOGxQ1cESUCDbnQtIgk48="},"chainType":1,"messageKeys":{}}},"pendingPreKey":{"signedKeyId":31,"baseKey":"BUtjigAgQPq1Bs0VaT4SvtGjGn0g+k4+9CnjpgzyiNls","preKeyId":6372250}},"BYDAgPHvgEaDiE3Bbz8I0u58HxGI9BP/FsYfznQAkZEK":{"registrationId":116258199,"currentRatchet":{"ephemeralKeyPair":{"pubKey":"BXeqtcuj8vAUO8jNSvpMXi3+JTNu+1F6GZfKqNk4uPYo","privKey":"6GxNn/f3fxwQrvGSR8jp3TROrAaUprV/c4zIqA8XRUI="},"lastRemoteEphemeralKey":"BVMb9wbKefbvv/zbS20odpFmduwlSZxlOiaGR60VW41j","previousCounter":0,"rootKey":"25qYuItMD6CdMX/VED7XxhuciEKDGLScKCk9NSiQ+kc="},"indexInfo":{"baseKey":"BYDAgPHvgEaDiE3Bbz8I0u58HxGI9BP/FsYfznQAkZEK","baseKeyType":1,"closed":-1,"used":1721532557908,"created":1721532557908,"remoteIdentityKey":"BfZFWarfp0CIt1G9MYf2L5/TlnDA0OhXGQAsgHKIqAl2"},"_chains":{"BXeqtcuj8vAUO8jNSvpMXi3+JTNu+1F6GZfKqNk4uPYo":{"chainKey":{"counter":5,"key":"zQo0/Z0CEKXVFXwJaZggTGz6cxMUtM9typ9k0GbFVhk="},"chainType":1,"messageKeys":{}}},"pendingPreKey":{"signedKeyId":31,"baseKey":"BYDAgPHvgEaDiE3Bbz8I0u58HxGI9BP/FsYfznQAkZEK","preKeyId":6371708}}},"version":"v1"}