{"_sessions":{"BT9l+t7YmbK1OlApXjbpVwow8Z9WkU+NQDDm64jy0mZ9":{"registrationId":278926249,"currentRatchet":{"ephemeralKeyPair":{"pubKey":"BcfmrgZo9kSj40zsGg3HO3UPb669+i3qWRhUNhbtdAZb","privKey":"EI8Pu0KIw/yOEJGwdODUjyGFXOPSAyH1oWVZqtjCalE="},"lastRemoteEphemeralKey":"BdZMiBZPeME/zvLfdIdlYZztBSrykfW4iWo6zCxMIIxB","previousCounter":0,"rootKey":"OQYmbCOmJ9LWfJ2W90y5XwwXa1BwjbRHNGKZytEYojM="},"indexInfo":{"baseKey":"BT9l+t7YmbK1OlApXjbpVwow8Z9WkU+NQDDm64jy0mZ9","baseKeyType":1,"closed":1721532557973,"used":1721532557564,"created":1721532557564,"remoteIdentityKey":"BeS+TlzjPT1nuRKlDk9CBrbdIm0b/BfB2eZZlbrGfp99"},"_chains":{"BcfmrgZo9kSj40zsGg3HO3UPb669+i3qWRhUNhbtdAZb":{"chainKey":{"counter":0,"key":"79dB2E5+4cU02t021USc7isN8k0hlQ5mqL79kN5HNEc="},"chainType":1,"messageKeys":{}}},"pendingPreKey":{"signedKeyId":2,"baseKey":"BT9l+t7YmbK1OlApXjbpVwow8Z9WkU+NQDDm64jy0mZ9","preKeyId":9696648}},"BZn/2ubQ3e2mxI13ZWgy8+Ra4PTKPlsXWt4hCRxzN7JN":{"registrationId":278926249,"currentRatchet":{"ephemeralKeyPair":{"pubKey":"Bbmziktguv6KS5jA2T9Pmf8yRS0bMdKTjHrU1HB6af9W","privKey":"QJJcEwkN5Zaihupd7O2tn2oFtd9ASzAOKL1peVs+YFU="},"lastRemoteEphemeralKey":"BdZMiBZPeME/zvLfdIdlYZztBSrykfW4iWo6zCxMIIxB","previousCounter":0,"rootKey":"3V1gacaR0tv6r2vzvFc3gadkmJr7AfCrDfTTQ+H+Ve8="},"indexInfo":{"baseKey":"BZn/2ubQ3e2mxI13ZWgy8+Ra4PTKPlsXWt4hCRxzN7JN","baseKeyType":1,"closed":-1,"used":1721532557912,"created":1721532557912,"remoteIdentityKey":"BeS+TlzjPT1nuRKlDk9CBrbdIm0b/BfB2eZZlbrGfp99"},"_chains":{"Bbmziktguv6KS5jA2T9Pmf8yRS0bMdKTjHrU1HB6af9W":{"chainKey":{"counter":5,"key":"QHkiJUNrCMBfcvlO6DO3fq1pL0yh61DN5LqlGCafUDs="},"chainType":1,"messageKeys":{}}},"pendingPreKey":{"signedKeyId":2,"baseKey":"BZn/2ubQ3e2mxI13ZWgy8+Ra4PTKPlsXWt4hCRxzN7JN","preKeyId":9696675}}},"version":"v1"}