{"_sessions":{"BT5Q8ijAg2O96LGIcv/Q29BTMj1RIZ366ZuF1M0CfccE":{"registrationId":1169580144,"currentRatchet":{"ephemeralKeyPair":{"pubKey":"BajUMfWSQ2a1nA4LUA7R03nGT+5dfcBXoVi0b7TkvZ4x","privKey":"WMQ2PeW8h+9fD/oOTJto6hSkclm42bwj0G8e/YeFUUI="},"lastRemoteEphemeralKey":"BYkDCDKqoqjj4GdAJxZe2LhzbutDmGQTcqzfYfdaE9Z7","previousCounter":0,"rootKey":"pZRyKgjU5CkRPhpjCOEUeL9YXkhswc40deh6C6Ylx50="},"indexInfo":{"baseKey":"BT5Q8ijAg2O96LGIcv/Q29BTMj1RIZ366ZuF1M0CfccE","baseKeyType":1,"closed":1721532557975,"used":1721532557586,"created":1721532557586,"remoteIdentityKey":"BUyC/FGt0HCao4sxMXpi+YqTtOY5E4ELLAUjM7Q4hwYe"},"_chains":{"BajUMfWSQ2a1nA4LUA7R03nGT+5dfcBXoVi0b7TkvZ4x":{"chainKey":{"counter":0,"key":"3VPsWwTsG/bXe8b8IOJGfWrxINqNHpdcSZsq8TQKBWo="},"chainType":1,"messageKeys":{}}},"pendingPreKey":{"signedKeyId":6,"baseKey":"BT5Q8ijAg2O96LGIcv/Q29BTMj1RIZ366ZuF1M0CfccE","preKeyId":11463594}},"BXlyUH/iIvhYRd7g3i6HvJaR6qt4OxDu4vEe17R0RbkR":{"registrationId":1169580144,"currentRatchet":{"ephemeralKeyPair":{"pubKey":"BSh6zxo/aDKTrUYPX87YgM5dZ2uIsvRdEx80L3ugcvE+","privKey":"cGg6z+4MqAVGtP7MjzvD0t6w1VqCRoTvgj+zo/6731k="},"lastRemoteEphemeralKey":"BYkDCDKqoqjj4GdAJxZe2LhzbutDmGQTcqzfYfdaE9Z7","previousCounter":0,"rootKey":"bcl73VHgP5lA2mfgIfxodCCo8utJwIYMXGRuDBqF1gE="},"indexInfo":{"baseKey":"BXlyUH/iIvhYRd7g3i6HvJaR6qt4OxDu4vEe17R0RbkR","baseKeyType":1,"closed":-1,"used":1721532557938,"created":1721532557938,"remoteIdentityKey":"BUyC/FGt0HCao4sxMXpi+YqTtOY5E4ELLAUjM7Q4hwYe"},"_chains":{"BSh6zxo/aDKTrUYPX87YgM5dZ2uIsvRdEx80L3ugcvE+":{"chainKey":{"counter":5,"key":"45tpUkoJjzaNx8/Z9z10+dDs8LyjotckIZS4o47YkfQ="},"chainType":1,"messageKeys":{}}},"pendingPreKey":{"signedKeyId":6,"baseKey":"BXlyUH/iIvhYRd7g3i6HvJaR6qt4OxDu4vEe17R0RbkR","preKeyId":11464155}}},"version":"v1"}