{
  "users": {
    "123545287970974@lid": {
      "name": "Unknown",
      "premium": false,
      "limit": 999999,
      "balance": 99999999,
      "afk": false
    }
  },
  "groups": {
    "120363423015076781@g.us": {
      "sewa": false,
      "sewaTime": 0,
      "antilink": false,
      "antilink2": false,
      "autopromosi": false,
      "welcome": false
    }
  },
  "settings": {
    "owner": [],
    "bljpm": [],
    "list": {},
    "autopromosi": {},
    "autoread": false,
    "pconly": false,
    "grouponly": false,
    "setwelcome": false,
    "setleave": false,
    "modesewa": false
  },
  "stock": {
    "do": {},
    "apps": {},
    "script": {}
  },
  "transactions": [],
  "config": {
    "lastBackup": 1771152273241,
    "createdAt": "2026-02-15T10:44:33.241Z"
  }
}